plan,nominal_value,abstract_distance,proxy_score,initiation_violation,termination_drift,reachability_gap,boundary_surprise,public_boundary_risk,chain_executability_estimate,true_executability,true_utility,dataset,selector,world_seed,seed,horizon,N,noise_scale,components
leap_0->leap_3->leap_5->leap_8,12.629447320459782,9.129088601039438,17.182732113598647,0.5727827777771886,1.1949599662536716,2.6490886010394368,1.6242364992894436,5.101138646305729,0.09691486756807362,0.002552475853188171,-0.12776364067541435,component_ablation,proxy_tail,0,0,4,256,-1.0,
leap_0->leap_2->leap_4->leap_6,12.671340549328036,8.223087922806279,16.98696875010557,0.0,1.2484106357118923,1.7430879228062794,0.3377873832603016,2.8742238343546758,0.27151684888460065,0.05459385095975693,0.5317772774103393,component_ablation,boundary_sieve_full,0,0,4,256,-1.0,initiation_violation+termination_drift+reachability_gap+boundary_surprise+chain_executability_estimate
leap_0->leap_2->leap_4->leap_6,12.671340549328036,8.223087922806279,16.98696875010557,0.0,1.2484106357118923,1.7430879228062794,0.3377873832603016,2.8742238343546758,0.27151684888460065,0.05459385095975693,0.5317772774103393,component_ablation,initiation_only,0,0,4,256,-1.0,initiation_violation
leap_0->leap_3->leap_5->leap_8,12.629447320459782,9.129088601039438,17.182732113598647,0.5727827777771886,1.1949599662536716,2.6490886010394368,1.6242364992894436,5.101138646305729,0.09691486756807362,0.002552475853188171,-0.12776364067541435,component_ablation,termination_drift_only,0,0,4,256,-1.0,termination_drift
leap_0->leap_2->leap_4->leap_6,12.671340549328036,8.223087922806279,16.98696875010557,0.0,1.2484106357118923,1.7430879228062794,0.3377873832603016,2.8742238343546758,0.27151684888460065,0.05459385095975693,0.5317772774103393,component_ablation,reachability_only,0,0,4,256,-1.0,reachability_gap
leap_0->leap_2->leap_4->leap_6,12.671340549328036,8.223087922806279,16.98696875010557,0.0,1.2484106357118923,1.7430879228062794,0.3377873832603016,2.8742238343546758,0.27151684888460065,0.05459385095975693,0.5317772774103393,component_ablation,boundary_surprise_only,0,0,4,256,-1.0,boundary_surprise
leap_0->leap_3->leap_5->leap_8,12.629447320459782,9.129088601039438,17.182732113598647,0.5727827777771886,1.1949599662536716,2.6490886010394368,1.6242364992894436,5.101138646305729,0.09691486756807362,0.002552475853188171,-0.12776364067541435,component_ablation,chain_estimate_only,0,0,4,256,-1.0,chain_executability_estimate
leap_0->leap_2->leap_4->leap_7,12.82419842408029,8.869377133752744,17.573383585507145,0.034523219113589465,1.2187046191868984,2.3893771337527436,0.41706821881384387,3.5504895337572133,0.1936496768114053,0.02215150374959562,0.12407527947657279,component_ablation,proxy_tail,0,1,4,256,-1.0,
leap_0->leap_2->leap_4->leap_6,12.671340549328036,8.223087922806279,16.606131783775325,0.0,1.2484106357118923,1.7430879228062794,0.3377873832603016,2.8742238343546758,0.27151684888460065,0.05459385095975693,0.5317772774103393,component_ablation,boundary_sieve_full,0,1,4,256,-1.0,initiation_violation+termination_drift+reachability_gap+boundary_surprise+chain_executability_estimate
leap_0->leap_2->leap_4->leap_7,12.82419842408029,8.869377133752744,17.573383585507145,0.034523219113589465,1.2187046191868984,2.3893771337527436,0.41706821881384387,3.5504895337572133,0.1936496768114053,0.02215150374959562,0.12407527947657279,component_ablation,initiation_only,0,1,4,256,-1.0,initiation_violation
leap_0->leap_2->leap_4->leap_7,12.82419842408029,8.869377133752744,17.573383585507145,0.034523219113589465,1.2187046191868984,2.3893771337527436,0.41706821881384387,3.5504895337572133,0.1936496768114053,0.02215150374959562,0.12407527947657279,component_ablation,termination_drift_only,0,1,4,256,-1.0,termination_drift
leap_0->leap_2->leap_4->leap_6,12.671340549328036,8.223087922806279,16.606131783775325,0.0,1.2484106357118923,1.7430879228062794,0.3377873832603016,2.8742238343546758,0.27151684888460065,0.05459385095975693,0.5317772774103393,component_ablation,reachability_only,0,1,4,256,-1.0,reachability_gap
leap_0->leap_2->leap_4->leap_7,12.82419842408029,8.869377133752744,17.573383585507145,0.034523219113589465,1.2187046191868984,2.3893771337527436,0.41706821881384387,3.5504895337572133,0.1936496768114053,0.02215150374959562,0.12407527947657279,component_ablation,boundary_surprise_only,0,1,4,256,-1.0,boundary_surprise
leap_0->leap_2->leap_4->leap_7,12.82419842408029,8.869377133752744,17.573383585507145,0.034523219113589465,1.2187046191868984,2.3893771337527436,0.41706821881384387,3.5504895337572133,0.1936496768114053,0.02215150374959562,0.12407527947657279,component_ablation,chain_estimate_only,0,1,4,256,-1.0,chain_executability_estimate
leap_0->leap_2->leap_4->leap_7,12.82419842408029,8.869377133752744,17.604398864386138,0.034523219113589465,1.2187046191868984,2.3893771337527436,0.41706821881384387,3.5504895337572133,0.1936496768114053,0.02215150374959562,0.12407527947657279,component_ablation,proxy_tail,0,2,4,256,-1.0,
leap_0->leap_2->leap_4->leap_6,12.671340549328036,8.223087922806279,16.797113566482928,0.0,1.2484106357118923,1.7430879228062794,0.3377873832603016,2.8742238343546758,0.27151684888460065,0.05459385095975693,0.5317772774103393,component_ablation,boundary_sieve_full,0,2,4,256,-1.0,initiation_violation+termination_drift+reachability_gap+boundary_surprise+chain_executability_estimate
leap_0->leap_2->leap_4->leap_7,12.82419842408029,8.869377133752744,17.604398864386138,0.034523219113589465,1.2187046191868984,2.3893771337527436,0.41706821881384387,3.5504895337572133,0.1936496768114053,0.02215150374959562,0.12407527947657279,component_ablation,initiation_only,0,2,4,256,-1.0,initiation_violation
leap_0->leap_2->leap_4->leap_7,12.82419842408029,8.869377133752744,17.604398864386138,0.034523219113589465,1.2187046191868984,2.3893771337527436,0.41706821881384387,3.5504895337572133,0.1936496768114053,0.02215150374959562,0.12407527947657279,component_ablation,termination_drift_only,0,2,4,256,-1.0,termination_drift
leap_0->leap_2->leap_4->leap_6,12.671340549328036,8.223087922806279,16.797113566482928,0.0,1.2484106357118923,1.7430879228062794,0.3377873832603016,2.8742238343546758,0.27151684888460065,0.05459385095975693,0.5317772774103393,component_ablation,reachability_only,0,2,4,256,-1.0,reachability_gap
leap_0->leap_2->leap_4->leap_7,12.82419842408029,8.869377133752744,17.604398864386138,0.034523219113589465,1.2187046191868984,2.3893771337527436,0.41706821881384387,3.5504895337572133,0.1936496768114053,0.02215150374959562,0.12407527947657279,component_ablation,boundary_surprise_only,0,2,4,256,-1.0,boundary_surprise
leap_0->leap_2->leap_4->leap_7,12.82419842408029,8.869377133752744,17.604398864386138,0.034523219113589465,1.2187046191868984,2.3893771337527436,0.41706821881384387,3.5504895337572133,0.1936496768114053,0.02215150374959562,0.12407527947657279,component_ablation,chain_estimate_only,0,2,4,256,-1.0,chain_executability_estimate
leap_0->leap_2->leap_5->leap_8,12.875583697662336,9.226565160280106,17.569679082518668,0.5742741653342904,1.196131803519489,2.746565160280106,1.8113583889901035,5.31779946325955,0.08897186219357224,0.0034931676880515156,-0.11502342706252308,component_ablation,proxy_tail,0,3,4,256,-1.0,
leap_0->leap_2->leap_4->leap_6,12.671340549328036,8.223087922806279,16.770720231436623,0.0,1.2484106357118923,1.7430879228062794,0.3377873832603016,2.8742238343546758,0.27151684888460065,0.05459385095975693,0.5317772774103393,component_ablation,boundary_sieve_full,0,3,4,256,-1.0,initiation_violation+termination_drift+reachability_gap+boundary_surprise+chain_executability_estimate
leap_0->leap_2->leap_4->leap_7,12.82419842408029,8.869377133752744,16.988243945065697,0.034523219113589465,1.2187046191868984,2.3893771337527436,0.41706821881384387,3.5504895337572133,0.1936496768114053,0.02215150374959562,0.12407527947657279,component_ablation,initiation_only,0,3,4,256,-1.0,initiation_violation
leap_0->leap_2->leap_5->leap_8,12.875583697662336,9.226565160280106,17.569679082518668,0.5742741653342904,1.196131803519489,2.746565160280106,1.8113583889901035,5.31779946325955,0.08897186219357224,0.0034931676880515156,-0.11502342706252308,component_ablation,termination_drift_only,0,3,4,256,-1.0,termination_drift
leap_0->leap_2->leap_4->leap_6,12.671340549328036,8.223087922806279,16.770720231436623,0.0,1.2484106357118923,1.7430879228062794,0.3377873832603016,2.8742238343546758,0.27151684888460065,0.05459385095975693,0.5317772774103393,component_ablation,reachability_only,0,3,4,256,-1.0,reachability_gap
leap_0->leap_2->leap_4->leap_7,12.82419842408029,8.869377133752744,16.988243945065697,0.034523219113589465,1.2187046191868984,2.3893771337527436,0.41706821881384387,3.5504895337572133,0.1936496768114053,0.02215150374959562,0.12407527947657279,component_ablation,boundary_surprise_only,0,3,4,256,-1.0,boundary_surprise
leap_0->leap_2->leap_5->leap_8,12.875583697662336,9.226565160280106,17.569679082518668,0.5742741653342904,1.196131803519489,2.746565160280106,1.8113583889901035,5.31779946325955,0.08897186219357224,0.0034931676880515156,-0.11502342706252308,component_ablation,chain_estimate_only,0,3,4,256,-1.0,chain_executability_estimate
leap_1->leap_3->leap_5->leap_7,12.668136658032086,9.5277112648788,17.28073191002974,1.2644925318661868,1.2403573978101732,3.0477112648787994,3.2958354658518356,7.294397204552879,0.036773851723191815,0.000135385239289142,-0.15828492128720478,component_ablation,proxy_tail,0,4,4,256,-1.0,
leap_0->leap_2->leap_4->leap_6,12.671340549328036,8.223087922806279,16.533004821925996,0.0,1.2484106357118923,1.7430879228062794,0.3377873832603016,2.8742238343546758,0.27151684888460065,0.05459385095975693,0.5317772774103393,component_ablation,boundary_sieve_full,0,4,4,256,-1.0,initiation_violation+termination_drift+reachability_gap+boundary_surprise+chain_executability_estimate
leap_0->leap_2->leap_4->leap_6,12.671340549328036,8.223087922806279,16.533004821925996,0.0,1.2484106357118923,1.7430879228062794,0.3377873832603016,2.8742238343546758,0.27151684888460065,0.05459385095975693,0.5317772774103393,component_ablation,initiation_only,0,4,4,256,-1.0,initiation_violation
leap_1->leap_3->leap_5->leap_7,12.668136658032086,9.5277112648788,17.28073191002974,1.2644925318661868,1.2403573978101732,3.0477112648787994,3.2958354658518356,7.294397204552879,0.036773851723191815,0.000135385239289142,-0.15828492128720478,component_ablation,termination_drift_only,0,4,4,256,-1.0,termination_drift
leap_0->leap_2->leap_4->leap_6,12.671340549328036,8.223087922806279,16.533004821925996,0.0,1.2484106357118923,1.7430879228062794,0.3377873832603016,2.8742238343546758,0.27151684888460065,0.05459385095975693,0.5317772774103393,component_ablation,reachability_only,0,4,4,256,-1.0,reachability_gap
leap_0->leap_2->leap_4->leap_6,12.671340549328036,8.223087922806279,16.533004821925996,0.0,1.2484106357118923,1.7430879228062794,0.3377873832603016,2.8742238343546758,0.27151684888460065,0.05459385095975693,0.5317772774103393,component_ablation,boundary_surprise_only,0,4,4,256,-1.0,boundary_surprise
leap_1->leap_3->leap_5->leap_7,12.668136658032086,9.5277112648788,17.28073191002974,1.2644925318661868,1.2403573978101732,3.0477112648787994,3.2958354658518356,7.294397204552879,0.036773851723191815,0.000135385239289142,-0.15828492128720478,component_ablation,chain_estimate_only,0,4,4,256,-1.0,chain_executability_estimate
leap_0->leap_2->leap_5->leap_8,12.875583697662336,9.226565160280106,17.582311409609044,0.5742741653342904,1.196131803519489,2.746565160280106,1.8113583889901035,5.31779946325955,0.08897186219357224,0.0034931676880515156,-0.11502342706252308,component_ablation,proxy_tail,0,5,4,256,-1.0,
leap_0->leap_2->bridge_4->leap_5,11.694222362920241,8.183935036450142,16.061212303189436,0.0,1.026656285667705,1.95908846577582,0.2704340992317003,2.858241235521798,0.26634061153751437,0.04071719266857737,0.31615590506020963,component_ablation,boundary_sieve_full,0,5,4,256,-1.0,initiation_violation+termination_drift+reachability_gap+boundary_surprise+chain_executability_estimate
leap_0->leap_2->leap_5->leap_8,12.875583697662336,9.226565160280106,17.582311409609044,0.5742741653342904,1.196131803519489,2.746565160280106,1.8113583889901035,5.31779946325955,0.08897186219357224,0.0034931676880515156,-0.11502342706252308,component_ablation,initiation_only,0,5,4,256,-1.0,initiation_violation
leap_0->leap_2->leap_5->leap_8,12.875583697662336,9.226565160280106,17.582311409609044,0.5742741653342904,1.196131803519489,2.746565160280106,1.8113583889901035,5.31779946325955,0.08897186219357224,0.0034931676880515156,-0.11502342706252308,component_ablation,termination_drift_only,0,5,4,256,-1.0,termination_drift
leap_0->leap_2->leap_3->leap_5,13.131803771741252,8.828092859287398,17.403290207611416,0.7597929990650231,1.1499991489709875,2.348092859287398,2.0140865753895905,5.219636808568075,0.09357675460054583,0.003267305689938973,-0.11709438281742775,component_ablation,reachability_only,0,5,4,256,-1.0,reachability_gap
leap_0->leap_2->bridge_4->leap_5,11.694222362920241,8.183935036450142,16.061212303189436,0.0,1.026656285667705,1.95908846577582,0.2704340992317003,2.858241235521798,0.26634061153751437,0.04071719266857737,0.31615590506020963,component_ablation,boundary_surprise_only,0,5,4,256,-1.0,boundary_surprise
leap_0->leap_2->leap_5->leap_8,12.875583697662336,9.226565160280106,17.582311409609044,0.5742741653342904,1.196131803519489,2.746565160280106,1.8113583889901035,5.31779946325955,0.08897186219357224,0.0034931676880515156,-0.11502342706252308,component_ablation,chain_estimate_only,0,5,4,256,-1.0,chain_executability_estimate
leap_0->leap_2->leap_5->leap_7,13.068918451946331,9.530813212520028,17.40092936451737,0.832645754419258,1.1782679740645896,3.050813212520028,2.3376708603928447,6.193018744820305,0.0592961657533288,0.0015999326453563834,-0.13909061072923065,component_ablation,proxy_tail,0,6,4,256,-1.0,
leap_0->leap_2->leap_4->leap_6,12.671340549328036,8.223087922806279,16.611772357667157,0.0,1.2484106357118923,1.7430879228062794,0.3377873832603016,2.8742238343546758,0.27151684888460065,0.05459385095975693,0.5317772774103393,component_ablation,boundary_sieve_full,0,6,4,256,-1.0,initiation_violation+termination_drift+reachability_gap+boundary_surprise+chain_executability_estimate
leap_0->leap_2->leap_4->leap_7,12.82419842408029,8.869377133752744,17.157696467453306,0.034523219113589465,1.2187046191868984,2.3893771337527436,0.41706821881384387,3.5504895337572133,0.1936496768114053,0.02215150374959562,0.12407527947657279,component_ablation,initiation_only,0,6,4,256,-1.0,initiation_violation
leap_0->leap_2->leap_5->leap_7,13.068918451946331,9.530813212520028,17.40092936451737,0.832645754419258,1.1782679740645896,3.050813212520028,2.3376708603928447,6.193018744820305,0.0592961657533288,0.0015999326453563834,-0.13909061072923065,component_ablation,termination_drift_only,0,6,4,256,-1.0,termination_drift
leap_0->leap_2->leap_4->leap_6,12.671340549328036,8.223087922806279,16.611772357667157,0.0,1.2484106357118923,1.7430879228062794,0.3377873832603016,2.8742238343546758,0.27151684888460065,0.05459385095975693,0.5317772774103393,component_ablation,reachability_only,0,6,4,256,-1.0,reachability_gap
leap_0->leap_2->leap_4->leap_7,12.82419842408029,8.869377133752744,17.157696467453306,0.034523219113589465,1.2187046191868984,2.3893771337527436,0.41706821881384387,3.5504895337572133,0.1936496768114053,0.02215150374959562,0.12407527947657279,component_ablation,boundary_surprise_only,0,6,4,256,-1.0,boundary_surprise
leap_0->leap_2->leap_5->leap_7,13.068918451946331,9.530813212520028,17.40092936451737,0.832645754419258,1.1782679740645896,3.050813212520028,2.3376708603928447,6.193018744820305,0.0592961657533288,0.0015999326453563834,-0.13909061072923065,component_ablation,chain_estimate_only,0,6,4,256,-1.0,chain_executability_estimate
leap_0->leap_2->leap_3->leap_5,13.131803771741252,8.828092859287398,17.244910732670757,0.7597929990650231,1.1499991489709875,2.348092859287398,2.0140865753895905,5.219636808568075,0.09357675460054583,0.003267305689938973,-0.11709438281742775,component_ablation,proxy_tail,0,7,4,256,-1.0,
leap_0->leap_2->leap_4->leap_6,12.671340549328036,8.223087922806279,16.465143815423517,0.0,1.2484106357118923,1.7430879228062794,0.3377873832603016,2.8742238343546758,0.27151684888460065,0.05459385095975693,0.5317772774103393,component_ablation,boundary_sieve_full,0,7,4,256,-1.0,initiation_violation+termination_drift+reachability_gap+boundary_surprise+chain_executability_estimate
leap_0->leap_2->leap_4->leap_7,12.82419842408029,8.869377133752744,17.17064246937503,0.034523219113589465,1.2187046191868984,2.3893771337527436,0.41706821881384387,3.5504895337572133,0.1936496768114053,0.02215150374959562,0.12407527947657279,component_ablation,initiation_only,0,7,4,256,-1.0,initiation_violation
leap_0->leap_2->leap_3->leap_5,13.131803771741252,8.828092859287398,17.244910732670757,0.7597929990650231,1.1499991489709875,2.348092859287398,2.0140865753895905,5.219636808568075,0.09357675460054583,0.003267305689938973,-0.11709438281742775,component_ablation,termination_drift_only,0,7,4,256,-1.0,termination_drift
leap_0->leap_2->leap_4->leap_6,12.671340549328036,8.223087922806279,16.465143815423517,0.0,1.2484106357118923,1.7430879228062794,0.3377873832603016,2.8742238343546758,0.27151684888460065,0.05459385095975693,0.5317772774103393,component_ablation,reachability_only,0,7,4,256,-1.0,reachability_gap
leap_0->leap_2->leap_4->leap_7,12.82419842408029,8.869377133752744,17.17064246937503,0.034523219113589465,1.2187046191868984,2.3893771337527436,0.41706821881384387,3.5504895337572133,0.1936496768114053,0.02215150374959562,0.12407527947657279,component_ablation,boundary_surprise_only,0,7,4,256,-1.0,boundary_surprise
leap_0->leap_2->leap_4->leap_7,12.82419842408029,8.869377133752744,17.17064246937503,0.034523219113589465,1.2187046191868984,2.3893771337527436,0.41706821881384387,3.5504895337572133,0.1936496768114053,0.02215150374959562,0.12407527947657279,component_ablation,chain_estimate_only,0,7,4,256,-1.0,chain_executability_estimate
leap_0->leap_2->leap_4->leap_7,12.82419842408029,8.869377133752744,17.48849831130971,0.034523219113589465,1.2187046191868984,2.3893771337527436,0.41706821881384387,3.5504895337572133,0.1936496768114053,0.02215150374959562,0.12407527947657279,component_ablation,proxy_tail,0,8,4,256,-1.0,
leap_0->leap_2->leap_4->leap_6,12.671340549328036,8.223087922806279,16.622623779527594,0.0,1.2484106357118923,1.7430879228062794,0.3377873832603016,2.8742238343546758,0.27151684888460065,0.05459385095975693,0.5317772774103393,component_ablation,boundary_sieve_full,0,8,4,256,-1.0,initiation_violation+termination_drift+reachability_gap+boundary_surprise+chain_executability_estimate
leap_0->leap_2->leap_4->leap_7,12.82419842408029,8.869377133752744,17.48849831130971,0.034523219113589465,1.2187046191868984,2.3893771337527436,0.41706821881384387,3.5504895337572133,0.1936496768114053,0.02215150374959562,0.12407527947657279,component_ablation,initiation_only,0,8,4,256,-1.0,initiation_violation
leap_0->leap_2->leap_4->leap_7,12.82419842408029,8.869377133752744,17.48849831130971,0.034523219113589465,1.2187046191868984,2.3893771337527436,0.41706821881384387,3.5504895337572133,0.1936496768114053,0.02215150374959562,0.12407527947657279,component_ablation,termination_drift_only,0,8,4,256,-1.0,termination_drift
leap_0->leap_2->leap_4->leap_6,12.671340549328036,8.223087922806279,16.622623779527594,0.0,1.2484106357118923,1.7430879228062794,0.3377873832603016,2.8742238343546758,0.27151684888460065,0.05459385095975693,0.5317772774103393,component_ablation,reachability_only,0,8,4,256,-1.0,reachability_gap
leap_0->leap_2->leap_4->leap_7,12.82419842408029,8.869377133752744,17.48849831130971,0.034523219113589465,1.2187046191868984,2.3893771337527436,0.41706821881384387,3.5504895337572133,0.1936496768114053,0.02215150374959562,0.12407527947657279,component_ablation,boundary_surprise_only,0,8,4,256,-1.0,boundary_surprise
leap_0->leap_2->leap_4->leap_7,12.82419842408029,8.869377133752744,17.48849831130971,0.034523219113589465,1.2187046191868984,2.3893771337527436,0.41706821881384387,3.5504895337572133,0.1936496768114053,0.02215150374959562,0.12407527947657279,component_ablation,chain_estimate_only,0,8,4,256,-1.0,chain_executability_estimate
leap_0->leap_2->leap_3->leap_5,13.131803771741252,8.828092859287398,17.422927680843646,0.7597929990650231,1.1499991489709875,2.348092859287398,2.0140865753895905,5.219636808568075,0.09357675460054583,0.003267305689938973,-0.11709438281742775,component_ablation,proxy_tail,0,9,4,256,-1.0,
leap_0->leap_2->leap_4->leap_6,12.671340549328036,8.223087922806279,16.708056971097136,0.0,1.2484106357118923,1.7430879228062794,0.3377873832603016,2.8742238343546758,0.27151684888460065,0.05459385095975693,0.5317772774103393,component_ablation,boundary_sieve_full,0,9,4,256,-1.0,initiation_violation+termination_drift+reachability_gap+boundary_surprise+chain_executability_estimate
leap_0->leap_2->leap_4->leap_6,12.671340549328036,8.223087922806279,16.708056971097136,0.0,1.2484106357118923,1.7430879228062794,0.3377873832603016,2.8742238343546758,0.27151684888460065,0.05459385095975693,0.5317772774103393,component_ablation,initiation_only,0,9,4,256,-1.0,initiation_violation
leap_0->leap_2->leap_3->leap_5,13.131803771741252,8.828092859287398,17.422927680843646,0.7597929990650231,1.1499991489709875,2.348092859287398,2.0140865753895905,5.219636808568075,0.09357675460054583,0.003267305689938973,-0.11709438281742775,component_ablation,termination_drift_only,0,9,4,256,-1.0,termination_drift
leap_0->leap_2->leap_4->leap_6,12.671340549328036,8.223087922806279,16.708056971097136,0.0,1.2484106357118923,1.7430879228062794,0.3377873832603016,2.8742238343546758,0.27151684888460065,0.05459385095975693,0.5317772774103393,component_ablation,reachability_only,0,9,4,256,-1.0,reachability_gap
leap_0->leap_2->leap_4->leap_6,12.671340549328036,8.223087922806279,16.708056971097136,0.0,1.2484106357118923,1.7430879228062794,0.3377873832603016,2.8742238343546758,0.27151684888460065,0.05459385095975693,0.5317772774103393,component_ablation,boundary_surprise_only,0,9,4,256,-1.0,boundary_surprise
leap_0->leap_2->leap_3->leap_5,13.131803771741252,8.828092859287398,17.422927680843646,0.7597929990650231,1.1499991489709875,2.348092859287398,2.0140865753895905,5.219636808568075,0.09357675460054583,0.003267305689938973,-0.11709438281742775,component_ablation,chain_estimate_only,0,9,4,256,-1.0,chain_executability_estimate
leap_0->leap_2->leap_4->leap_7,12.82419842408029,8.869377133752744,17.513731221672465,0.034523219113589465,1.2187046191868984,2.3893771337527436,0.41706821881384387,3.5504895337572133,0.1936496768114053,0.02215150374959562,0.12407527947657279,component_ablation,proxy_tail,0,10,4,256,-1.0,
leap_0->bridge_2->leap_3->bridge_5,10.148076587835927,7.004669173290729,13.311266420224253,0.0,0.9341769913790827,0.907633953516467,0.27628804828782894,1.7891810803309987,0.4539089986262601,0.12299394769296969,1.0881520010285424,component_ablation,boundary_sieve_full,0,10,4,256,-1.0,initiation_violation+termination_drift+reachability_gap+boundary_surprise+chain_executability_estimate
leap_0->leap_2->leap_4->leap_7,12.82419842408029,8.869377133752744,17.513731221672465,0.034523219113589465,1.2187046191868984,2.3893771337527436,0.41706821881384387,3.5504895337572133,0.1936496768114053,0.02215150374959562,0.12407527947657279,component_ablation,initiation_only,0,10,4,256,-1.0,initiation_violation
leap_0->leap_2->leap_4->leap_7,12.82419842408029,8.869377133752744,17.513731221672465,0.034523219113589465,1.2187046191868984,2.3893771337527436,0.41706821881384387,3.5504895337572133,0.1936496768114053,0.02215150374959562,0.12407527947657279,component_ablation,termination_drift_only,0,10,4,256,-1.0,termination_drift
leap_0->leap_2->leap_4->leap_7,12.82419842408029,8.869377133752744,17.513731221672465,0.034523219113589465,1.2187046191868984,2.3893771337527436,0.41706821881384387,3.5504895337572133,0.1936496768114053,0.02215150374959562,0.12407527947657279,component_ablation,reachability_only,0,10,4,256,-1.0,reachability_gap
leap_0->leap_2->leap_4->leap_7,12.82419842408029,8.869377133752744,17.513731221672465,0.034523219113589465,1.2187046191868984,2.3893771337527436,0.41706821881384387,3.5504895337572133,0.1936496768114053,0.02215150374959562,0.12407527947657279,component_ablation,boundary_surprise_only,0,10,4,256,-1.0,boundary_surprise
leap_0->leap_2->leap_4->leap_7,12.82419842408029,8.869377133752744,17.513731221672465,0.034523219113589465,1.2187046191868984,2.3893771337527436,0.41706821881384387,3.5504895337572133,0.1936496768114053,0.02215150374959562,0.12407527947657279,component_ablation,chain_estimate_only,0,10,4,256,-1.0,chain_executability_estimate
leap_0->leap_2->leap_4->leap_7,12.82419842408029,8.869377133752744,17.38591904031517,0.034523219113589465,1.2187046191868984,2.3893771337527436,0.41706821881384387,3.5504895337572133,0.1936496768114053,0.02215150374959562,0.12407527947657279,component_ablation,proxy_tail,0,11,4,256,-1.0,
leap_0->leap_2->leap_4->leap_6,12.671340549328036,8.223087922806279,16.56346060378391,0.0,1.2484106357118923,1.7430879228062794,0.3377873832603016,2.8742238343546758,0.27151684888460065,0.05459385095975693,0.5317772774103393,component_ablation,boundary_sieve_full,0,11,4,256,-1.0,initiation_violation+termination_drift+reachability_gap+boundary_surprise+chain_executability_estimate
leap_0->leap_2->leap_4->leap_7,12.82419842408029,8.869377133752744,17.38591904031517,0.034523219113589465,1.2187046191868984,2.3893771337527436,0.41706821881384387,3.5504895337572133,0.1936496768114053,0.02215150374959562,0.12407527947657279,component_ablation,initiation_only,0,11,4,256,-1.0,initiation_violation
leap_0->leap_2->leap_4->leap_7,12.82419842408029,8.869377133752744,17.38591904031517,0.034523219113589465,1.2187046191868984,2.3893771337527436,0.41706821881384387,3.5504895337572133,0.1936496768114053,0.02215150374959562,0.12407527947657279,component_ablation,termination_drift_only,0,11,4,256,-1.0,termination_drift
leap_0->leap_2->leap_4->leap_6,12.671340549328036,8.223087922806279,16.56346060378391,0.0,1.2484106357118923,1.7430879228062794,0.3377873832603016,2.8742238343546758,0.27151684888460065,0.05459385095975693,0.5317772774103393,component_ablation,reachability_only,0,11,4,256,-1.0,reachability_gap
leap_0->leap_2->leap_4->leap_7,12.82419842408029,8.869377133752744,17.38591904031517,0.034523219113589465,1.2187046191868984,2.3893771337527436,0.41706821881384387,3.5504895337572133,0.1936496768114053,0.02215150374959562,0.12407527947657279,component_ablation,boundary_surprise_only,0,11,4,256,-1.0,boundary_surprise
leap_0->leap_2->leap_4->leap_7,12.82419842408029,8.869377133752744,17.38591904031517,0.034523219113589465,1.2187046191868984,2.3893771337527436,0.41706821881384387,3.5504895337572133,0.1936496768114053,0.02215150374959562,0.12407527947657279,component_ablation,chain_estimate_only,0,11,4,256,-1.0,chain_executability_estimate
leap_0->leap_3->leap_5->leap_8,12.629447320459782,9.129088601039438,17.182732113598647,0.5727827777771886,1.1949599662536716,2.6490886010394368,1.6242364992894436,5.101138646305729,0.09691486756807362,0.002552475853188171,-0.12776364067541435,diagnostic_noise,proxy_tail,0,0,4,256,0.0,
leap_0->leap_2->leap_4->leap_6,12.671340549328036,8.223087922806279,16.98696875010557,0.0,1.2484106357118923,1.7430879228062794,0.3377873832603016,2.8742238343546758,0.27151684888460065,0.05459385095975693,0.5317772774103393,diagnostic_noise,noisy_boundary_sieve,0,0,4,256,0.0,initiation_violation+termination_drift+reachability_gap+boundary_surprise+chain_executability_estimate
leap_0->leap_3->leap_5->leap_8,12.629447320459782,9.129088601039438,17.182732113598647,0.5727827777771886,1.1949599662536716,2.6490886010394368,1.6242364992894436,5.101138646305729,0.09691486756807362,0.002552475853188171,-0.12776364067541435,diagnostic_noise,proxy_tail,0,0,4,256,0.25,
bridge_1->leap_2->leap_4->leap_6,11.219695514370205,7.471718432800167,14.457024747549092,0.40726705498989524,1.2224057708139362,1.2726810476348875,0.959823146611515,3.2181237121916726,0.23538637808209018,0.01182348227885303,-0.02734412891171706,diagnostic_noise,noisy_boundary_sieve,0,0,4,256,0.25,initiation_violation+termination_drift+reachability_gap+boundary_surprise+chain_executability_estimate
leap_0->leap_3->leap_5->leap_8,12.629447320459782,9.129088601039438,17.182732113598647,0.5727827777771886,1.1949599662536716,2.6490886010394368,1.6242364992894436,5.101138646305729,0.09691486756807362,0.002552475853188171,-0.12776364067541435,diagnostic_noise,proxy_tail,0,0,4,256,0.5,
leap_0->leap_2->local_4->bridge_5,9.632734024967718,6.579499608342915,12.31275129411444,0.0,0.8210052880385588,1.0051105127571363,0.24400379596046068,1.7702616849244257,0.4520441181042115,0.17175233859192457,1.494444595822208,diagnostic_noise,noisy_boundary_sieve,0,0,4,256,0.5,initiation_violation+termination_drift+reachability_gap+boundary_surprise+chain_executability_estimate
leap_0->leap_3->leap_5->leap_8,12.629447320459782,9.129088601039438,17.182732113598647,0.5727827777771886,1.1949599662536716,2.6490886010394368,1.6242364992894436,5.101138646305729,0.09691486756807362,0.002552475853188171,-0.12776364067541435,diagnostic_noise,proxy_tail,0,0,4,256,1.0,
leap_0->leap_2->local_4->bridge_5,9.632734024967718,6.579499608342915,12.31275129411444,0.0,0.8210052880385588,1.0051105127571363,0.24400379596046068,1.7702616849244257,0.4520441181042115,0.17175233859192457,1.494444595822208,diagnostic_noise,noisy_boundary_sieve,0,0,4,256,1.0,initiation_violation+termination_drift+reachability_gap+boundary_surprise+chain_executability_estimate
leap_0->leap_3->leap_5->leap_8,12.629447320459782,9.129088601039438,17.182732113598647,0.5727827777771886,1.1949599662536716,2.6490886010394368,1.6242364992894436,5.101138646305729,0.09691486756807362,0.002552475853188171,-0.12776364067541435,diagnostic_noise,proxy_tail,0,0,4,256,1.5,
bridge_1->local_2->leap_3->bridge_5,7.975680042552392,5.659646397456968,9.94991105683552,0.40726705498989524,0.7973185815391544,0.4372270783450751,0.8613593658532768,2.02037123245367,0.4107426604158055,0.03414520253284798,0.11233121039014501,diagnostic_noise,noisy_boundary_sieve,0,0,4,256,1.5,initiation_violation+termination_drift+reachability_gap+boundary_surprise+chain_executability_estimate
leap_0->leap_2->leap_4->leap_7,12.82419842408029,8.869377133752744,17.573383585507145,0.034523219113589465,1.2187046191868984,2.3893771337527436,0.41706821881384387,3.5504895337572133,0.1936496768114053,0.02215150374959562,0.12407527947657279,diagnostic_noise,proxy_tail,0,1,4,256,0.0,
leap_0->leap_2->leap_4->leap_6,12.671340549328036,8.223087922806279,16.606131783775325,0.0,1.2484106357118923,1.7430879228062794,0.3377873832603016,2.8742238343546758,0.27151684888460065,0.05459385095975693,0.5317772774103393,diagnostic_noise,noisy_boundary_sieve,0,1,4,256,0.0,initiation_violation+termination_drift+reachability_gap+boundary_surprise+chain_executability_estimate
leap_0->leap_2->leap_4->leap_7,12.82419842408029,8.869377133752744,17.573383585507145,0.034523219113589465,1.2187046191868984,2.3893771337527436,0.41706821881384387,3.5504895337572133,0.1936496768114053,0.02215150374959562,0.12407527947657279,diagnostic_noise,proxy_tail,0,1,4,256,0.25,
leap_0->bridge_2->bridge_4->local_5,7.847525352917436,5.516450983560766,10.146004967337014,0.0,0.7228618599492231,0.4704068751713919,0.23411911418617137,1.1773534435932123,0.6041487007197698,0.21718936670129296,1.5443990615724785,diagnostic_noise,noisy_boundary_sieve,0,1,4,256,0.25,initiation_violation+termination_drift+reachability_gap+boundary_surprise+chain_executability_estimate
leap_0->leap_2->leap_4->leap_7,12.82419842408029,8.869377133752744,17.573383585507145,0.034523219113589465,1.2187046191868984,2.3893771337527436,0.41706821881384387,3.5504895337572133,0.1936496768114053,0.02215150374959562,0.12407527947657279,diagnostic_noise,proxy_tail,0,1,4,256,0.5,
leap_0->leap_2->local_5->local_6,8.94582772410345,5.598835732553502,11.399695579323994,0.0,0.7683386954953815,0.956887827923639,0.25634808085712807,1.6903406454808954,0.46933233590670725,0.12409351452230129,0.950119202595037,diagnostic_noise,noisy_boundary_sieve,0,1,4,256,0.5,initiation_violation+termination_drift+reachability_gap+boundary_surprise+chain_executability_estimate
leap_0->leap_2->leap_4->leap_7,12.82419842408029,8.869377133752744,17.573383585507145,0.034523219113589465,1.2187046191868984,2.3893771337527436,0.41706821881384387,3.5504895337572133,0.1936496768114053,0.02215150374959562,0.12407527947657279,diagnostic_noise,proxy_tail,0,1,4,256,1.0,
bridge_0->leap_1->local_4->leap_5,8.792054754492364,6.869724530147207,11.92153867767825,0.0,0.9198875593752689,1.5669821246230136,0.2381184570103682,2.3793200629488176,0.33482772598473104,0.05225688389581702,0.29944538451117353,diagnostic_noise,noisy_boundary_sieve,0,1,4,256,1.0,initiation_violation+termination_drift+reachability_gap+boundary_surprise+chain_executability_estimate
leap_0->leap_2->leap_4->leap_7,12.82419842408029,8.869377133752744,17.573383585507145,0.034523219113589465,1.2187046191868984,2.3893771337527436,0.41706821881384387,3.5504895337572133,0.1936496768114053,0.02215150374959562,0.12407527947657279,diagnostic_noise,proxy_tail,0,1,4,256,1.5,
bridge_0->local_1->local_3->bridge_3,5.691326708846292,4.184139620591951,7.206442349769115,0.3456482524580815,0.6222694747853482,0.0,0.527546597365234,1.1863691205737623,0.5951525808377901,0.08363673024367278,0.31600395667638737,diagnostic_noise,noisy_boundary_sieve,0,1,4,256,1.5,initiation_violation+termination_drift+reachability_gap+boundary_surprise+chain_executability_estimate
leap_0->leap_2->leap_4->leap_7,12.82419842408029,8.869377133752744,17.604398864386138,0.034523219113589465,1.2187046191868984,2.3893771337527436,0.41706821881384387,3.5504895337572133,0.1936496768114053,0.02215150374959562,0.12407527947657279,diagnostic_noise,proxy_tail,0,2,4,256,0.0,
leap_0->leap_2->leap_4->leap_6,12.671340549328036,8.223087922806279,16.797113566482928,0.0,1.2484106357118923,1.7430879228062794,0.3377873832603016,2.8742238343546758,0.27151684888460065,0.05459385095975693,0.5317772774103393,diagnostic_noise,noisy_boundary_sieve,0,2,4,256,0.0,initiation_violation+termination_drift+reachability_gap+boundary_surprise+chain_executability_estimate
leap_0->leap_2->leap_4->leap_7,12.82419842408029,8.869377133752744,17.604398864386138,0.034523219113589465,1.2187046191868984,2.3893771337527436,0.41706821881384387,3.5504895337572133,0.1936496768114053,0.02215150374959562,0.12407527947657279,diagnostic_noise,proxy_tail,0,2,4,256,0.25,
leap_0->leap_2->leap_4->local_6,10.716667184384871,6.805437973697607,13.752273039680281,0.0,1.0135935688915345,1.2976523870085357,0.3377873832603016,2.2632064218905326,0.3624819625306841,0.10917908443116739,1.0100359113446769,diagnostic_noise,noisy_boundary_sieve,0,2,4,256,0.25,initiation_violation+termination_drift+reachability_gap+boundary_surprise+chain_executability_estimate
leap_0->leap_2->leap_4->leap_7,12.82419842408029,8.869377133752744,17.604398864386138,0.034523219113589465,1.2187046191868984,2.3893771337527436,0.41706821881384387,3.5504895337572133,0.1936496768114053,0.02215150374959562,0.12407527947657279,diagnostic_noise,proxy_tail,0,2,4,256,0.5,
bridge_0->bridge_1->bridge_2->local_4,6.237032990709696,4.708815010463734,7.829979079878848,0.0,0.6963851549464217,0.0,0.2392689474579222,0.7126329398047868,0.7628475744066991,0.32857726813918753,1.8893472613813784,diagnostic_noise,noisy_boundary_sieve,0,2,4,256,0.5,initiation_violation+termination_drift+reachability_gap+boundary_surprise+chain_executability_estimate
leap_0->leap_2->leap_4->leap_7,12.82419842408029,8.869377133752744,17.604398864386138,0.034523219113589465,1.2187046191868984,2.3893771337527436,0.41706821881384387,3.5504895337572133,0.1936496768114053,0.02215150374959562,0.12407527947657279,diagnostic_noise,proxy_tail,0,2,4,256,1.0,
local_0->leap_1->leap_3->leap_4,10.2088161072647,6.914608857054779,13.583929405145376,0.3436105540078101,1.0768681293977278,1.294550439367307,0.9972460111323136,3.0831378821609374,0.251963823827775,0.01999442039714606,0.04411936100580657,diagnostic_noise,noisy_boundary_sieve,0,2,4,256,1.0,initiation_violation+termination_drift+reachability_gap+boundary_surprise+chain_executability_estimate
leap_0->leap_2->leap_4->leap_7,12.82419842408029,8.869377133752744,17.604398864386138,0.034523219113589465,1.2187046191868984,2.3893771337527436,0.41706821881384387,3.5504895337572133,0.1936496768114053,0.02215150374959562,0.12407527947657279,diagnostic_noise,proxy_tail,0,2,4,256,1.5,
leap_0->bridge_2->bridge_2->local_3,7.72746419780106,5.5621473486225,9.850366693492829,0.6460551855421093,0.733610244163428,0.4704068751713919,1.2237210788962702,2.4752486135682497,0.33092980054947907,0.025590029132889623,0.037746033945090685,diagnostic_noise,noisy_boundary_sieve,0,2,4,256,1.5,initiation_violation+termination_drift+reachability_gap+boundary_surprise+chain_executability_estimate
leap_0->leap_2->leap_5->leap_8,12.875583697662336,9.226565160280106,17.569679082518668,0.5742741653342904,1.196131803519489,2.746565160280106,1.8113583889901035,5.31779946325955,0.08897186219357224,0.0034931676880515156,-0.11502342706252308,diagnostic_noise,proxy_tail,0,3,4,256,0.0,
leap_0->leap_2->leap_4->leap_6,12.671340549328036,8.223087922806279,16.770720231436623,0.0,1.2484106357118923,1.7430879228062794,0.3377873832603016,2.8742238343546758,0.27151684888460065,0.05459385095975693,0.5317772774103393,diagnostic_noise,noisy_boundary_sieve,0,3,4,256,0.0,initiation_violation+termination_drift+reachability_gap+boundary_surprise+chain_executability_estimate
leap_0->leap_2->leap_5->leap_8,12.875583697662336,9.226565160280106,17.569679082518668,0.5742741653342904,1.196131803519489,2.746565160280106,1.8113583889901035,5.31779946325955,0.08897186219357224,0.0034931676880515156,-0.11502342706252308,diagnostic_noise,proxy_tail,0,3,4,256,0.25,
bridge_0->bridge_2->leap_3->leap_5,9.84324013058002,7.216593561076436,13.071204310552837,0.07527720714433328,1.0124366114057806,1.391205031363759,0.376175213389522,2.4513851647677183,0.3283533244073414,0.04923981961740149,0.3246793684805276,diagnostic_noise,noisy_boundary_sieve,0,3,4,256,0.25,initiation_violation+termination_drift+reachability_gap+boundary_surprise+chain_executability_estimate
leap_0->leap_2->leap_5->leap_8,12.875583697662336,9.226565160280106,17.569679082518668,0.5742741653342904,1.196131803519489,2.746565160280106,1.8113583889901035,5.31779946325955,0.08897186219357224,0.0034931676880515156,-0.11502342706252308,diagnostic_noise,proxy_tail,0,3,4,256,0.5,
bridge_1->leap_2->local_5->local_6,7.494182689145618,4.847466242547389,9.241423580707062,0.40726705498989524,0.7423338305974254,0.4864809527522471,0.878352144940462,2.0342199187937706,0.4068813390907677,0.027659396294869593,0.04728456890523017,diagnostic_noise,noisy_boundary_sieve,0,3,4,256,0.5,initiation_violation+termination_drift+reachability_gap+boundary_surprise+chain_executability_estimate
leap_0->leap_2->leap_5->leap_8,12.875583697662336,9.226565160280106,17.569679082518668,0.5742741653342904,1.196131803519489,2.746565160280106,1.8113583889901035,5.31779946325955,0.08897186219357224,0.0034931676880515156,-0.11502342706252308,diagnostic_noise,proxy_tail,0,3,4,256,1.0,
local_0->local_1->bridge_2->local_3,4.854646651749521,3.5750907955840727,6.0848598507384315,0.0,0.49787356722950316,0.0,0.15700805190394795,0.5003540875211687,0.8263629857799925,0.5256181501293722,2.3916903926243336,diagnostic_noise,noisy_boundary_sieve,0,3,4,256,1.0,initiation_violation+termination_drift+reachability_gap+boundary_surprise+chain_executability_estimate
leap_0->leap_2->leap_5->leap_8,12.875583697662336,9.226565160280106,17.569679082518668,0.5742741653342904,1.196131803519489,2.746565160280106,1.8113583889901035,5.31779946325955,0.08897186219357224,0.0034931676880515156,-0.11502342706252308,diagnostic_noise,proxy_tail,0,3,4,256,1.5,
bridge_0->bridge_0->leap_2->leap_4,9.837170485958234,6.623952131713974,12.24476509823024,0.6848471528555429,1.0717963414165863,0.8272455118371438,1.3177835100082738,3.1847267437394766,0.23973656323089432,0.010574432904740064,-0.05597750072374545,diagnostic_noise,noisy_boundary_sieve,0,3,4,256,1.5,initiation_violation+termination_drift+reachability_gap+boundary_surprise+chain_executability_estimate
leap_1->leap_3->leap_5->leap_7,12.668136658032086,9.5277112648788,17.28073191002974,1.2644925318661868,1.2403573978101732,3.0477112648787994,3.2958354658518356,7.294397204552879,0.036773851723191815,0.000135385239289142,-0.15828492128720478,diagnostic_noise,proxy_tail,0,4,4,256,0.0,
leap_0->leap_2->leap_4->leap_6,12.671340549328036,8.223087922806279,16.533004821925996,0.0,1.2484106357118923,1.7430879228062794,0.3377873832603016,2.8742238343546758,0.27151684888460065,0.05459385095975693,0.5317772774103393,diagnostic_noise,noisy_boundary_sieve,0,4,4,256,0.0,initiation_violation+termination_drift+reachability_gap+boundary_surprise+chain_executability_estimate
leap_1->leap_3->leap_5->leap_7,12.668136658032086,9.5277112648788,17.28073191002974,1.2644925318661868,1.2403573978101732,3.0477112648787994,3.2958354658518356,7.294397204552879,0.036773851723191815,0.000135385239289142,-0.15828492128720478,diagnostic_noise,proxy_tail,0,4,4,256,0.25,
leap_0->leap_2->leap_4->leap_6,12.671340549328036,8.223087922806279,16.533004821925996,0.0,1.2484106357118923,1.7430879228062794,0.3377873832603016,2.8742238343546758,0.27151684888460065,0.05459385095975693,0.5317772774103393,diagnostic_noise,noisy_boundary_sieve,0,4,4,256,0.25,initiation_violation+termination_drift+reachability_gap+boundary_surprise+chain_executability_estimate
leap_1->leap_3->leap_5->leap_7,12.668136658032086,9.5277112648788,17.28073191002974,1.2644925318661868,1.2403573978101732,3.0477112648787994,3.2958354658518356,7.294397204552879,0.036773851723191815,0.000135385239289142,-0.15828492128720478,diagnostic_noise,proxy_tail,0,4,4,256,0.5,
local_1->bridge_1->leap_3->local_4,7.099127406660313,4.78275799848239,9.131818232361287,0.19592426114508676,0.6748919065742185,0.3890043935115779,0.5461924996569535,1.4604170850174802,0.530784562274573,0.03346599360334983,0.07757935238065947,diagnostic_noise,noisy_boundary_sieve,0,4,4,256,0.5,initiation_violation+termination_drift+reachability_gap+boundary_surprise+chain_executability_estimate
leap_1->leap_3->leap_5->leap_7,12.668136658032086,9.5277112648788,17.28073191002974,1.2644925318661868,1.2403573978101732,3.0477112648787994,3.2958354658518356,7.294397204552879,0.036773851723191815,0.000135385239289142,-0.15828492128720478,diagnostic_noise,proxy_tail,0,4,4,256,1.0,
leap_0->leap_2->local_4->leap_4,10.540603659151659,6.942041482594314,13.650128257140087,0.11102282205219788,0.9782878933081347,1.2976523870085357,0.4788164682924051,2.437653608746878,0.3326971324724424,0.05343982199456657,0.40328798326034165,diagnostic_noise,noisy_boundary_sieve,0,4,4,256,1.0,initiation_violation+termination_drift+reachability_gap+boundary_surprise+chain_executability_estimate
leap_1->leap_3->leap_5->leap_7,12.668136658032086,9.5277112648788,17.28073191002974,1.2644925318661868,1.2403573978101732,3.0477112648787994,3.2958354658518356,7.294397204552879,0.036773851723191815,0.000135385239289142,-0.15828492128720478,diagnostic_noise,proxy_tail,0,4,4,256,1.5,
leap_0->leap_2->bridge_5->leap_7,11.916328789896351,8.506835259501344,16.338225129438214,0.10505569587188024,1.0614220139173225,2.0968352595013444,0.4529505898275125,3.240604686919898,0.2227153860501655,0.021262139677916063,0.09336664717874868,diagnostic_noise,noisy_boundary_sieve,0,4,4,256,1.5,initiation_violation+termination_drift+reachability_gap+boundary_surprise+chain_executability_estimate
leap_0->leap_2->leap_5->leap_8,12.875583697662336,9.226565160280106,17.582311409609044,0.5742741653342904,1.196131803519489,2.746565160280106,1.8113583889901035,5.31779946325955,0.08897186219357224,0.0034931676880515156,-0.11502342706252308,diagnostic_noise,proxy_tail,0,5,4,256,0.0,
leap_0->leap_2->bridge_4->leap_5,11.694222362920241,8.183935036450142,16.061212303189436,0.0,1.026656285667705,1.95908846577582,0.2704340992317003,2.858241235521798,0.26634061153751437,0.04071719266857737,0.31615590506020963,diagnostic_noise,noisy_boundary_sieve,0,5,4,256,0.0,initiation_violation+termination_drift+reachability_gap+boundary_surprise+chain_executability_estimate
leap_0->leap_2->leap_5->leap_8,12.875583697662336,9.226565160280106,17.582311409609044,0.5742741653342904,1.196131803519489,2.746565160280106,1.8113583889901035,5.31779946325955,0.08897186219357224,0.0034931676880515156,-0.11502342706252308,diagnostic_noise,proxy_tail,0,5,4,256,0.25,
local_0->local_1->bridge_2->leap_3,7.16982655829784,4.726425155193066,8.936033970230918,0.0,0.6810499960729349,0.3890043935115779,0.15700805190394795,1.016449404431913,0.6465791123647933,0.2561172197945886,1.6763160445206469,diagnostic_noise,noisy_boundary_sieve,0,5,4,256,0.25,initiation_violation+termination_drift+reachability_gap+boundary_surprise+chain_executability_estimate
leap_0->leap_2->leap_5->leap_8,12.875583697662336,9.226565160280106,17.582311409609044,0.5742741653342904,1.196131803519489,2.746565160280106,1.8113583889901035,5.31779946325955,0.08897186219357224,0.0034931676880515156,-0.11502342706252308,diagnostic_noise,proxy_tail,0,5,4,256,0.5,
local_0->bridge_1->leap_2->bridge_4,8.292070484382405,5.57042332627932,10.19744250593403,0.0,0.7885624139879268,0.4864809527522471,0.23822250854258942,1.2478514668576595,0.5865511915920083,0.22101268330057428,1.6726527478708482,diagnostic_noise,noisy_boundary_sieve,0,5,4,256,0.5,initiation_violation+termination_drift+reachability_gap+boundary_surprise+chain_executability_estimate
leap_0->leap_2->leap_5->leap_8,12.875583697662336,9.226565160280106,17.582311409609044,0.5742741653342904,1.196131803519489,2.746565160280106,1.8113583889901035,5.31779946325955,0.08897186219357224,0.0034931676880515156,-0.11502342706252308,diagnostic_noise,proxy_tail,0,5,4,256,1.0,
leap_0->bridge_2->leap_2->bridge_5,10.39421296503848,7.102145732531398,13.043056093479699,0.7343502633586236,0.9353488286449001,1.0051105127571363,1.8074269806208438,3.612311850797372,0.20219004021693324,0.008483809216174493,-0.07181748025232614,diagnostic_noise,noisy_boundary_sieve,0,5,4,256,1.0,initiation_violation+termination_drift+reachability_gap+boundary_surprise+chain_executability_estimate
leap_0->leap_2->leap_5->leap_8,12.875583697662336,9.226565160280106,17.582311409609044,0.5742741653342904,1.196131803519489,2.746565160280106,1.8113583889901035,5.31779946325955,0.08897186219357224,0.0034931676880515156,-0.11502342706252308,diagnostic_noise,proxy_tail,0,5,4,256,1.5,
bridge_0->leap_1->bridge_3->bridge_5,8.55262538552474,6.459146634073941,11.213647757936906,0.0,0.9461770715051766,0.6130041716043297,0.28178170431665944,1.522453728034083,0.5202868389546517,0.16237066366567196,1.2286954599315256,diagnostic_noise,noisy_boundary_sieve,0,5,4,256,1.5,initiation_violation+termination_drift+reachability_gap+boundary_surprise+chain_executability_estimate
leap_0->leap_2->leap_5->leap_7,13.068918451946331,9.530813212520028,17.40092936451737,0.832645754419258,1.1782679740645896,3.050813212520028,2.3376708603928447,6.193018744820305,0.0592961657533288,0.0015999326453563834,-0.13909061072923065,diagnostic_noise,proxy_tail,0,6,4,256,0.0,
leap_0->leap_2->leap_4->leap_6,12.671340549328036,8.223087922806279,16.611772357667157,0.0,1.2484106357118923,1.7430879228062794,0.3377873832603016,2.8742238343546758,0.27151684888460065,0.05459385095975693,0.5317772774103393,diagnostic_noise,noisy_boundary_sieve,0,6,4,256,0.0,initiation_violation+termination_drift+reachability_gap+boundary_surprise+chain_executability_estimate
leap_0->leap_2->leap_5->leap_7,13.068918451946331,9.530813212520028,17.40092936451737,0.832645754419258,1.1782679740645896,3.050813212520028,2.3376708603928447,6.193018744820305,0.0592961657533288,0.0015999326453563834,-0.13909061072923065,diagnostic_noise,proxy_tail,0,6,4,256,0.25,
leap_0->leap_2->leap_4->leap_7,12.82419842408029,8.869377133752744,17.157696467453306,0.034523219113589465,1.2187046191868984,2.3893771337527436,0.41706821881384387,3.5504895337572133,0.1936496768114053,0.02215150374959562,0.12407527947657279,diagnostic_noise,noisy_boundary_sieve,0,6,4,256,0.25,initiation_violation+termination_drift+reachability_gap+boundary_surprise+chain_executability_estimate
leap_0->leap_2->leap_5->leap_7,13.068918451946331,9.530813212520028,17.40092936451737,0.832645754419258,1.1782679740645896,3.050813212520028,2.3376708603928447,6.193018744820305,0.0592961657533288,0.0015999326453563834,-0.13909061072923065,diagnostic_noise,proxy_tail,0,6,4,256,0.5,
local_0->leap_1->leap_3->leap_5,10.45353613513074,7.576044935822063,14.107666657780639,0.0,1.036431484275419,1.9559865181345915,0.2705115349531745,2.8631648773677605,0.26590028453170944,0.036485979198288096,0.2214075019749331,diagnostic_noise,noisy_boundary_sieve,0,6,4,256,0.5,initiation_violation+termination_drift+reachability_gap+boundary_surprise+chain_executability_estimate
leap_0->leap_2->leap_5->leap_7,13.068918451946331,9.530813212520028,17.40092936451737,0.832645754419258,1.1782679740645896,3.050813212520028,2.3376708603928447,6.193018744820305,0.0592961657533288,0.0015999326453563834,-0.13909061072923065,diagnostic_noise,proxy_tail,0,6,4,256,1.0,
leap_0->bridge_2->bridge_3->leap_4,9.62262643037867,6.755995806561748,12.324186112555862,0.0,1.022447168140672,0.8111714342562886,0.2525600216695246,1.7527346111412025,0.46437754335548614,0.14274653476170684,1.2135965782429678,diagnostic_noise,noisy_boundary_sieve,0,6,4,256,1.0,initiation_violation+termination_drift+reachability_gap+boundary_surprise+chain_executability_estimate
leap_0->leap_2->leap_5->leap_7,13.068918451946331,9.530813212520028,17.40092936451737,0.832645754419258,1.1782679740645896,3.050813212520028,2.3376708603928447,6.193018744820305,0.0592961657533288,0.0015999326453563834,-0.13909061072923065,diagnostic_noise,proxy_tail,0,6,4,256,1.5,
leap_0->local_1->bridge_1->leap_2,9.556682849281218,6.186252337308674,12.091694575974762,0.25885159366309163,0.8467448721896262,0.956887827923639,0.5681408762699932,2.2145824975177453,0.3662714038438556,0.02137957020387103,0.04431777189233804,diagnostic_noise,noisy_boundary_sieve,0,6,4,256,1.5,initiation_violation+termination_drift+reachability_gap+boundary_surprise+chain_executability_estimate
leap_0->leap_2->leap_3->leap_5,13.131803771741252,8.828092859287398,17.244910732670757,0.7597929990650231,1.1499991489709875,2.348092859287398,2.0140865753895905,5.219636808568075,0.09357675460054583,0.003267305689938973,-0.11709438281742775,diagnostic_noise,proxy_tail,0,7,4,256,0.0,
leap_0->leap_2->leap_4->leap_6,12.671340549328036,8.223087922806279,16.465143815423517,0.0,1.2484106357118923,1.7430879228062794,0.3377873832603016,2.8742238343546758,0.27151684888460065,0.05459385095975693,0.5317772774103393,diagnostic_noise,noisy_boundary_sieve,0,7,4,256,0.0,initiation_violation+termination_drift+reachability_gap+boundary_surprise+chain_executability_estimate
leap_0->leap_2->leap_3->leap_5,13.131803771741252,8.828092859287398,17.244910732670757,0.7597929990650231,1.1499991489709875,2.348092859287398,2.0140865753895905,5.219636808568075,0.09357675460054583,0.003267305689938973,-0.11709438281742775,diagnostic_noise,proxy_tail,0,7,4,256,0.25,
leap_0->local_2->local_3->bridge_4,7.1541324233071375,5.026305413694911,9.343641069412167,0.0,0.5972181960969934,0.4704068751713919,0.17664769561874621,1.0394820904426023,0.6362048591296825,0.3773016455906161,2.5392659360869647,diagnostic_noise,noisy_boundary_sieve,0,7,4,256,0.25,initiation_violation+termination_drift+reachability_gap+boundary_surprise+chain_executability_estimate
leap_0->leap_2->leap_3->leap_5,13.131803771741252,8.828092859287398,17.244910732670757,0.7597929990650231,1.1499991489709875,2.348092859287398,2.0140865753895905,5.219636808568075,0.09357675460054583,0.003267305689938973,-0.11709438281742775,diagnostic_noise,proxy_tail,0,7,4,256,0.5,
bridge_0->bridge_1->leap_3->leap_5,9.841535220969778,7.248595726467453,13.308396803115773,0.11852028202235798,1.0427693342510733,1.391205031363759,0.538203772467844,2.6242129813228865,0.3064845504120232,0.046683880639898756,0.2994410555691127,diagnostic_noise,noisy_boundary_sieve,0,7,4,256,0.5,initiation_violation+termination_drift+reachability_gap+boundary_surprise+chain_executability_estimate
leap_0->leap_2->leap_3->leap_5,13.131803771741252,8.828092859287398,17.244910732670757,0.7597929990650231,1.1499991489709875,2.348092859287398,2.0140865753895905,5.219636808568075,0.09357675460054583,0.003267305689938973,-0.11709438281742775,diagnostic_noise,proxy_tail,0,7,4,256,1.0,
local_0->leap_1->local_4->leap_4,7.862336022541145,5.689993559128979,10.524622438703378,0.0,0.8647202286125661,0.9055460458557292,0.20360304641880383,1.6843869066252182,0.4713788365146225,0.06787269752194806,0.3736379546738513,diagnostic_noise,noisy_boundary_sieve,0,7,4,256,1.0,initiation_violation+termination_drift+reachability_gap+boundary_surprise+chain_executability_estimate
leap_0->leap_2->leap_3->leap_5,13.131803771741252,8.828092859287398,17.244910732670757,0.7597929990650231,1.1499991489709875,2.348092859287398,2.0140865753895905,5.219636808568075,0.09357675460054583,0.003267305689938973,-0.11709438281742775,diagnostic_noise,proxy_tail,0,7,4,256,1.5,
local_1->leap_1->leap_3->leap_5,10.415628110513742,7.466313642354347,14.315032855721025,0.10929069418813797,1.012737851609407,1.9559865181345915,0.384813985292612,3.0277972581437234,0.24471214717492054,0.012470852597402224,-0.030108237124424092,diagnostic_noise,noisy_boundary_sieve,0,7,4,256,1.5,initiation_violation+termination_drift+reachability_gap+boundary_surprise+chain_executability_estimate
leap_0->leap_2->leap_4->leap_7,12.82419842408029,8.869377133752744,17.48849831130971,0.034523219113589465,1.2187046191868984,2.3893771337527436,0.41706821881384387,3.5504895337572133,0.1936496768114053,0.02215150374959562,0.12407527947657279,diagnostic_noise,proxy_tail,0,8,4,256,0.0,
leap_0->leap_2->leap_4->leap_6,12.671340549328036,8.223087922806279,16.622623779527594,0.0,1.2484106357118923,1.7430879228062794,0.3377873832603016,2.8742238343546758,0.27151684888460065,0.05459385095975693,0.5317772774103393,diagnostic_noise,noisy_boundary_sieve,0,8,4,256,0.0,initiation_violation+termination_drift+reachability_gap+boundary_surprise+chain_executability_estimate
leap_0->leap_2->leap_4->leap_7,12.82419842408029,8.869377133752744,17.48849831130971,0.034523219113589465,1.2187046191868984,2.3893771337527436,0.41706821881384387,3.5504895337572133,0.1936496768114053,0.02215150374959562,0.12407527947657279,diagnostic_noise,proxy_tail,0,8,4,256,0.25,
leap_0->leap_2->leap_4->local_7,10.689231063630892,6.8003548098824025,13.781371180107223,0.0,1.0120239096407757,1.2976523870085357,0.3377873832603016,2.2619506944899257,0.3626640796777837,0.0658199426974388,0.543564576087868,diagnostic_noise,noisy_boundary_sieve,0,8,4,256,0.25,initiation_violation+termination_drift+reachability_gap+boundary_surprise+chain_executability_estimate
leap_0->leap_2->leap_4->leap_7,12.82419842408029,8.869377133752744,17.48849831130971,0.034523219113589465,1.2187046191868984,2.3893771337527436,0.41706821881384387,3.5504895337572133,0.1936496768114053,0.02215150374959562,0.12407527947657279,diagnostic_noise,proxy_tail,0,8,4,256,0.5,
leap_0->local_2->leap_3->bridge_5,9.427325077510224,6.411015887463081,12.414646622817077,0.0,0.8233234464371104,0.907633953516467,0.2401693797218028,1.6770211098095038,0.4737091863448829,0.1612426543762309,1.3600869191653553,diagnostic_noise,noisy_boundary_sieve,0,8,4,256,0.5,initiation_violation+termination_drift+reachability_gap+boundary_surprise+chain_executability_estimate
leap_0->leap_2->leap_4->leap_7,12.82419842408029,8.869377133752744,17.48849831130971,0.034523219113589465,1.2187046191868984,2.3893771337527436,0.41706821881384387,3.5504895337572133,0.1936496768114053,0.02215150374959562,0.12407527947657279,diagnostic_noise,proxy_tail,0,8,4,256,1.0,
leap_0->local_2->leap_3->leap_4,10.335194711694164,6.77355776171448,13.090997733059314,0.24697522131205468,0.9806060517066864,1.2001758277678665,0.762520646282036,2.6672655191402,0.3025504918163642,0.04249562304841767,0.2792005386001549,diagnostic_noise,noisy_boundary_sieve,0,8,4,256,1.0,initiation_violation+termination_drift+reachability_gap+boundary_surprise+chain_executability_estimate
leap_0->leap_2->leap_4->leap_7,12.82419842408029,8.869377133752744,17.48849831130971,0.034523219113589465,1.2187046191868984,2.3893771337527436,0.41706821881384387,3.5504895337572133,0.1936496768114053,0.02215150374959562,0.12407527947657279,diagnostic_noise,proxy_tail,0,8,4,256,1.5,
leap_0->leap_2->leap_4->leap_7,12.82419842408029,8.869377133752744,17.48849831130971,0.034523219113589465,1.2187046191868984,2.3893771337527436,0.41706821881384387,3.5504895337572133,0.1936496768114053,0.02215150374959562,0.12407527947657279,diagnostic_noise,noisy_boundary_sieve,0,8,4,256,1.5,initiation_violation+termination_drift+reachability_gap+boundary_surprise+chain_executability_estimate
leap_0->leap_2->leap_3->leap_5,13.131803771741252,8.828092859287398,17.422927680843646,0.7597929990650231,1.1499991489709875,2.348092859287398,2.0140865753895905,5.219636808568075,0.09357675460054583,0.003267305689938973,-0.11709438281742775,diagnostic_noise,proxy_tail,0,9,4,256,0.0,
leap_0->leap_2->leap_4->leap_6,12.671340549328036,8.223087922806279,16.708056971097136,0.0,1.2484106357118923,1.7430879228062794,0.3377873832603016,2.8742238343546758,0.27151684888460065,0.05459385095975693,0.5317772774103393,diagnostic_noise,noisy_boundary_sieve,0,9,4,256,0.0,initiation_violation+termination_drift+reachability_gap+boundary_surprise+chain_executability_estimate
leap_0->leap_2->leap_3->leap_5,13.131803771741252,8.828092859287398,17.422927680843646,0.7597929990650231,1.1499991489709875,2.348092859287398,2.0140865753895905,5.219636808568075,0.09357675460054583,0.003267305689938973,-0.11709438281742775,diagnostic_noise,proxy_tail,0,9,4,256,0.25,
bridge_0->bridge_1->bridge_2->leap_3,8.58351307543325,5.933430308389534,11.017162923728742,0.0,0.9085330557315834,0.3890043935115779,0.2392689474579222,1.251905434268915,0.5913740944988702,0.1493839991854379,1.1222395102687164,diagnostic_noise,noisy_boundary_sieve,0,9,4,256,0.25,initiation_violation+termination_drift+reachability_gap+boundary_surprise+chain_executability_estimate
leap_0->leap_2->leap_3->leap_5,13.131803771741252,8.828092859287398,17.422927680843646,0.7597929990650231,1.1499991489709875,2.348092859287398,2.0140865753895905,5.219636808568075,0.09357675460054583,0.003267305689938973,-0.11709438281742775,diagnostic_noise,proxy_tail,0,9,4,256,0.5,
leap_0->leap_2->local_4->leap_5,10.785323687017698,7.603477561361599,14.634268966460882,0.0,0.9378512481858259,1.95908846577582,0.24400379596046068,2.770017508409989,0.27547025537635667,0.05862568966174937,0.47229703937661405,diagnostic_noise,noisy_boundary_sieve,0,9,4,256,0.5,initiation_violation+termination_drift+reachability_gap+boundary_surprise+chain_executability_estimate
leap_0->leap_2->leap_3->leap_5,13.131803771741252,8.828092859287398,17.422927680843646,0.7597929990650231,1.1499991489709875,2.348092859287398,2.0140865753895905,5.219636808568075,0.09357675460054583,0.003267305689938973,-0.11709438281742775,diagnostic_noise,proxy_tail,0,9,4,256,1.0,
leap_0->leap_2->leap_4->local_5,10.544545256611487,6.911814704949327,13.301858529260473,0.245153373316508,1.0220494841601218,1.2976523870085357,0.5965661174296277,2.6833307046319725,0.29486510581725184,0.040086995471401224,0.26269913794976996,diagnostic_noise,noisy_boundary_sieve,0,9,4,256,1.0,initiation_violation+termination_drift+reachability_gap+boundary_surprise+chain_executability_estimate
leap_0->leap_2->leap_3->leap_5,13.131803771741252,8.828092859287398,17.422927680843646,0.7597929990650231,1.1499991489709875,2.348092859287398,2.0140865753895905,5.219636808568075,0.09357675460054583,0.003267305689938973,-0.11709438281742775,diagnostic_noise,proxy_tail,0,9,4,256,1.5,
bridge_0->leap_1->leap_3->leap_5,11.138534839215918,8.094339828073007,15.028531672571102,0.0,1.1320354601604306,1.9559865181345915,0.30492022275330966,2.962013705145858,0.2561200701320512,0.039516787321188074,0.28015911231093926,diagnostic_noise,noisy_boundary_sieve,0,9,4,256,1.5,initiation_violation+termination_drift+reachability_gap+boundary_surprise+chain_executability_estimate
leap_0->leap_2->leap_4->leap_7,12.82419842408029,8.869377133752744,17.513731221672465,0.034523219113589465,1.2187046191868984,2.3893771337527436,0.41706821881384387,3.5504895337572133,0.1936496768114053,0.02215150374959562,0.12407527947657279,diagnostic_noise,proxy_tail,0,10,4,256,0.0,
leap_0->bridge_2->leap_3->bridge_5,10.148076587835927,7.004669173290729,13.311266420224253,0.0,0.9341769913790827,0.907633953516467,0.27628804828782894,1.7891810803309987,0.4539089986262601,0.12299394769296969,1.0881520010285424,diagnostic_noise,noisy_boundary_sieve,0,10,4,256,0.0,initiation_violation+termination_drift+reachability_gap+boundary_surprise+chain_executability_estimate
leap_0->leap_2->leap_4->leap_7,12.82419842408029,8.869377133752744,17.513731221672465,0.034523219113589465,1.2187046191868984,2.3893771337527436,0.41706821881384387,3.5504895337572133,0.1936496768114053,0.02215150374959562,0.12407527947657279,diagnostic_noise,proxy_tail,0,10,4,256,0.25,
leap_0->bridge_2->leap_3->leap_5,11.300666249885907,8.028647126309412,15.596768285778838,0.0,1.0510229515263498,1.8616119065351509,0.27628804828782894,2.7889369038165617,0.27660669116454817,0.0499473153275252,0.40443794059417304,diagnostic_noise,noisy_boundary_sieve,0,10,4,256,0.25,initiation_violation+termination_drift+reachability_gap+boundary_surprise+chain_executability_estimate
leap_0->leap_2->leap_4->leap_7,12.82419842408029,8.869377133752744,17.513731221672465,0.034523219113589465,1.2187046191868984,2.3893771337527436,0.41706821881384387,3.5504895337572133,0.1936496768114053,0.02215150374959562,0.12407527947657279,diagnostic_noise,proxy_tail,0,10,4,256,0.5,
bridge_0->bridge_1->leap_3->leap_5,9.841535220969778,7.248595726467453,12.918966465635128,0.11852028202235798,1.0427693342510733,1.391205031363759,0.538203772467844,2.6242129813228865,0.3064845504120232,0.046683880639898756,0.2994410555691127,diagnostic_noise,noisy_boundary_sieve,0,10,4,256,0.5,initiation_violation+termination_drift+reachability_gap+boundary_surprise+chain_executability_estimate
leap_0->leap_2->leap_4->leap_7,12.82419842408029,8.869377133752744,17.513731221672465,0.034523219113589465,1.2187046191868984,2.3893771337527436,0.41706821881384387,3.5504895337572133,0.1936496768114053,0.02215150374959562,0.12407527947657279,diagnostic_noise,proxy_tail,0,10,4,256,1.0,
local_0->bridge_0->bridge_1->leap_2,8.137164754592327,5.483930065543413,10.331550737894673,0.03981866313679172,0.8318521647350687,0.4864809527522471,0.2668159953216569,1.3408876969985584,0.5611571318546663,0.09718706365451504,0.6308271489718407,diagnostic_noise,noisy_boundary_sieve,0,10,4,256,1.0,initiation_violation+termination_drift+reachability_gap+boundary_surprise+chain_executability_estimate
leap_0->leap_2->leap_4->leap_7,12.82419842408029,8.869377133752744,17.513731221672465,0.034523219113589465,1.2187046191868984,2.3893771337527436,0.41706821881384387,3.5504895337572133,0.1936496768114053,0.02215150374959562,0.12407527947657279,diagnostic_noise,proxy_tail,0,10,4,256,1.5,
local_0->bridge_2->leap_3->local_5,7.142681938347381,4.830260348914102,8.336833868347655,0.6083974966465653,0.7120144072469246,0.3890043935115779,1.1506580220134877,2.295490910588871,0.3599087429297998,0.026747687179066917,0.031050222106487058,diagnostic_noise,noisy_boundary_sieve,0,10,4,256,1.5,initiation_violation+termination_drift+reachability_gap+boundary_surprise+chain_executability_estimate
leap_0->leap_2->leap_4->leap_7,12.82419842408029,8.869377133752744,17.38591904031517,0.034523219113589465,1.2187046191868984,2.3893771337527436,0.41706821881384387,3.5504895337572133,0.1936496768114053,0.02215150374959562,0.12407527947657279,diagnostic_noise,proxy_tail,0,11,4,256,0.0,
leap_0->leap_2->leap_4->leap_6,12.671340549328036,8.223087922806279,16.56346060378391,0.0,1.2484106357118923,1.7430879228062794,0.3377873832603016,2.8742238343546758,0.27151684888460065,0.05459385095975693,0.5317772774103393,diagnostic_noise,noisy_boundary_sieve,0,11,4,256,0.0,initiation_violation+termination_drift+reachability_gap+boundary_surprise+chain_executability_estimate
leap_0->leap_2->leap_4->leap_7,12.82419842408029,8.869377133752744,17.38591904031517,0.034523219113589465,1.2187046191868984,2.3893771337527436,0.41706821881384387,3.5504895337572133,0.1936496768114053,0.02215150374959562,0.12407527947657279,diagnostic_noise,proxy_tail,0,11,4,256,0.25,
leap_0->leap_2->leap_4->leap_7,12.82419842408029,8.869377133752744,17.119944094709588,0.034523219113589465,1.2187046191868984,2.3893771337527436,0.41706821881384387,3.5504895337572133,0.1936496768114053,0.02215150374959562,0.12407527947657279,diagnostic_noise,noisy_boundary_sieve,0,11,4,256,0.25,initiation_violation+termination_drift+reachability_gap+boundary_surprise+chain_executability_estimate
leap_0->leap_2->leap_4->leap_7,12.82419842408029,8.869377133752744,17.38591904031517,0.034523219113589465,1.2187046191868984,2.3893771337527436,0.41706821881384387,3.5504895337572133,0.1936496768114053,0.02215150374959562,0.12407527947657279,diagnostic_noise,proxy_tail,0,11,4,256,0.5,
leap_0->leap_2->leap_4->leap_6,12.671340549328036,8.223087922806279,16.56346060378391,0.0,1.2484106357118923,1.7430879228062794,0.3377873832603016,2.8742238343546758,0.27151684888460065,0.05459385095975693,0.5317772774103393,diagnostic_noise,noisy_boundary_sieve,0,11,4,256,0.5,initiation_violation+termination_drift+reachability_gap+boundary_surprise+chain_executability_estimate
leap_0->leap_2->leap_4->leap_7,12.82419842408029,8.869377133752744,17.38591904031517,0.034523219113589465,1.2187046191868984,2.3893771337527436,0.41706821881384387,3.5504895337572133,0.1936496768114053,0.02215150374959562,0.12407527947657279,diagnostic_noise,proxy_tail,0,11,4,256,1.0,
local_0->bridge_1->local_2->local_3,4.862582954474049,3.6701477707019485,6.114912282362913,0.0,0.5188991060611676,0.0,0.16875487209237516,0.5248099517089779,0.818895589701409,0.5609060491937232,2.5674521938707806,diagnostic_noise,noisy_boundary_sieve,0,11,4,256,1.0,initiation_violation+termination_drift+reachability_gap+boundary_surprise+chain_executability_estimate
leap_0->leap_2->leap_4->leap_7,12.82419842408029,8.869377133752744,17.38591904031517,0.034523219113589465,1.2187046191868984,2.3893771337527436,0.41706821881384387,3.5504895337572133,0.1936496768114053,0.02215150374959562,0.12407527947657279,diagnostic_noise,proxy_tail,0,11,4,256,1.5,
leap_0->bridge_3->bridge_3->leap_4,9.774307783390263,6.846749739318684,12.15380101712671,0.8446972139678501,1.0512390998115055,0.8111714342562886,1.4340163019547978,3.388411952631147,0.21518130364672697,0.004824205246192585,-0.11284673311346768,diagnostic_noise,noisy_boundary_sieve,0,11,4,256,1.5,initiation_violation+termination_drift+reachability_gap+boundary_surprise+chain_executability_estimate
leap_0->leap_3->leap_5->leap_8,12.629447320459782,9.129088601039438,17.182732113598647,0.5727827777771886,1.1949599662536716,2.6490886010394368,1.6242364992894436,5.101138646305729,0.09691486756807362,0.002552475853188171,-0.12776364067541435,library_seed_grid,proxy_tail,0,0,4,256,-1.0,
leap_0->leap_2->leap_4->leap_6,12.671340549328036,8.223087922806279,16.98696875010557,0.0,1.2484106357118923,1.7430879228062794,0.3377873832603016,2.8742238343546758,0.27151684888460065,0.05459385095975693,0.5317772774103393,library_seed_grid,boundary_sieve_full,0,0,4,256,-1.0,initiation_violation+termination_drift+reachability_gap+boundary_surprise+chain_executability_estimate
leap_0->leap_2->leap_4->leap_7,12.82419842408029,8.869377133752744,17.573383585507145,0.034523219113589465,1.2187046191868984,2.3893771337527436,0.41706821881384387,3.5504895337572133,0.1936496768114053,0.02215150374959562,0.12407527947657279,library_seed_grid,proxy_tail,0,1,4,256,-1.0,
leap_0->leap_2->leap_4->leap_6,12.671340549328036,8.223087922806279,16.606131783775325,0.0,1.2484106357118923,1.7430879228062794,0.3377873832603016,2.8742238343546758,0.27151684888460065,0.05459385095975693,0.5317772774103393,library_seed_grid,boundary_sieve_full,0,1,4,256,-1.0,initiation_violation+termination_drift+reachability_gap+boundary_surprise+chain_executability_estimate
leap_0->leap_2->leap_4->leap_7,12.82419842408029,8.869377133752744,17.604398864386138,0.034523219113589465,1.2187046191868984,2.3893771337527436,0.41706821881384387,3.5504895337572133,0.1936496768114053,0.02215150374959562,0.12407527947657279,library_seed_grid,proxy_tail,0,2,4,256,-1.0,
leap_0->leap_2->leap_4->leap_6,12.671340549328036,8.223087922806279,16.797113566482928,0.0,1.2484106357118923,1.7430879228062794,0.3377873832603016,2.8742238343546758,0.27151684888460065,0.05459385095975693,0.5317772774103393,library_seed_grid,boundary_sieve_full,0,2,4,256,-1.0,initiation_violation+termination_drift+reachability_gap+boundary_surprise+chain_executability_estimate
leap_0->leap_2->leap_5->leap_8,12.875583697662336,9.226565160280106,17.569679082518668,0.5742741653342904,1.196131803519489,2.746565160280106,1.8113583889901035,5.31779946325955,0.08897186219357224,0.0034931676880515156,-0.11502342706252308,library_seed_grid,proxy_tail,0,3,4,256,-1.0,
leap_0->leap_2->leap_4->leap_6,12.671340549328036,8.223087922806279,16.770720231436623,0.0,1.2484106357118923,1.7430879228062794,0.3377873832603016,2.8742238343546758,0.27151684888460065,0.05459385095975693,0.5317772774103393,library_seed_grid,boundary_sieve_full,0,3,4,256,-1.0,initiation_violation+termination_drift+reachability_gap+boundary_surprise+chain_executability_estimate
leap_1->leap_3->leap_5->leap_7,12.668136658032086,9.5277112648788,17.28073191002974,1.2644925318661868,1.2403573978101732,3.0477112648787994,3.2958354658518356,7.294397204552879,0.036773851723191815,0.000135385239289142,-0.15828492128720478,library_seed_grid,proxy_tail,0,4,4,256,-1.0,
leap_0->leap_2->leap_4->leap_6,12.671340549328036,8.223087922806279,16.533004821925996,0.0,1.2484106357118923,1.7430879228062794,0.3377873832603016,2.8742238343546758,0.27151684888460065,0.05459385095975693,0.5317772774103393,library_seed_grid,boundary_sieve_full,0,4,4,256,-1.0,initiation_violation+termination_drift+reachability_gap+boundary_surprise+chain_executability_estimate
leap_0->leap_2->leap_5->leap_8,12.875583697662336,9.226565160280106,17.582311409609044,0.5742741653342904,1.196131803519489,2.746565160280106,1.8113583889901035,5.31779946325955,0.08897186219357224,0.0034931676880515156,-0.11502342706252308,library_seed_grid,proxy_tail,0,5,4,256,-1.0,
leap_0->leap_2->bridge_4->leap_5,11.694222362920241,8.183935036450142,16.061212303189436,0.0,1.026656285667705,1.95908846577582,0.2704340992317003,2.858241235521798,0.26634061153751437,0.04071719266857737,0.31615590506020963,library_seed_grid,boundary_sieve_full,0,5,4,256,-1.0,initiation_violation+termination_drift+reachability_gap+boundary_surprise+chain_executability_estimate
leap_0->leap_2->leap_5->leap_7,13.068918451946331,9.530813212520028,17.40092936451737,0.832645754419258,1.1782679740645896,3.050813212520028,2.3376708603928447,6.193018744820305,0.0592961657533288,0.0015999326453563834,-0.13909061072923065,library_seed_grid,proxy_tail,0,6,4,256,-1.0,
leap_0->leap_2->leap_4->leap_6,12.671340549328036,8.223087922806279,16.611772357667157,0.0,1.2484106357118923,1.7430879228062794,0.3377873832603016,2.8742238343546758,0.27151684888460065,0.05459385095975693,0.5317772774103393,library_seed_grid,boundary_sieve_full,0,6,4,256,-1.0,initiation_violation+termination_drift+reachability_gap+boundary_surprise+chain_executability_estimate
leap_0->leap_2->leap_3->leap_5,13.131803771741252,8.828092859287398,17.244910732670757,0.7597929990650231,1.1499991489709875,2.348092859287398,2.0140865753895905,5.219636808568075,0.09357675460054583,0.003267305689938973,-0.11709438281742775,library_seed_grid,proxy_tail,0,7,4,256,-1.0,
leap_0->leap_2->leap_4->leap_6,12.671340549328036,8.223087922806279,16.465143815423517,0.0,1.2484106357118923,1.7430879228062794,0.3377873832603016,2.8742238343546758,0.27151684888460065,0.05459385095975693,0.5317772774103393,library_seed_grid,boundary_sieve_full,0,7,4,256,-1.0,initiation_violation+termination_drift+reachability_gap+boundary_surprise+chain_executability_estimate
leap_0->leap_2->leap_4->leap_6,12.877075354360173,8.361021619156144,17.0392716345493,0.0,1.2099500466924589,1.8810216191561429,0.3305599514080783,2.9697945439675535,0.25764145177593795,0.0415457843207923,0.37498819535483774,library_seed_grid,proxy_tail,1,0,4,256,-1.0,
leap_0->leap_2->leap_4->leap_6,12.877075354360173,8.361021619156144,17.0392716345493,0.0,1.2099500466924589,1.8810216191561429,0.3305599514080783,2.9697945439675535,0.25764145177593795,0.0415457843207923,0.37498819535483774,library_seed_grid,boundary_sieve_full,1,0,4,256,-1.0,initiation_violation+termination_drift+reachability_gap+boundary_surprise+chain_executability_estimate
leap_0->leap_2->leap_4->leap_6,12.877075354360173,8.361021619156144,17.267211536173694,0.0,1.2099500466924589,1.8810216191561429,0.3305599514080783,2.9697945439675535,0.25764145177593795,0.0415457843207923,0.37498819535483774,library_seed_grid,proxy_tail,1,1,4,256,-1.0,
leap_0->leap_2->leap_4->leap_6,12.877075354360173,8.361021619156144,17.267211536173694,0.0,1.2099500466924589,1.8810216191561429,0.3305599514080783,2.9697945439675535,0.25764145177593795,0.0415457843207923,0.37498819535483774,library_seed_grid,boundary_sieve_full,1,1,4,256,-1.0,initiation_violation+termination_drift+reachability_gap+boundary_surprise+chain_executability_estimate
leap_0->leap_2->leap_4->leap_6,12.877075354360173,8.361021619156144,17.022217524155543,0.0,1.2099500466924589,1.8810216191561429,0.3305599514080783,2.9697945439675535,0.25764145177593795,0.0415457843207923,0.37498819535483774,library_seed_grid,proxy_tail,1,2,4,256,-1.0,
leap_0->leap_2->leap_4->leap_6,12.877075354360173,8.361021619156144,17.022217524155543,0.0,1.2099500466924589,1.8810216191561429,0.3305599514080783,2.9697945439675535,0.25764145177593795,0.0415457843207923,0.37498819535483774,library_seed_grid,boundary_sieve_full,1,2,4,256,-1.0,initiation_violation+termination_drift+reachability_gap+boundary_surprise+chain_executability_estimate
leap_0->leap_2->leap_4->leap_6,12.877075354360173,8.361021619156144,17.00282518972877,0.0,1.2099500466924589,1.8810216191561429,0.3305599514080783,2.9697945439675535,0.25764145177593795,0.0415457843207923,0.37498819535483774,library_seed_grid,proxy_tail,1,3,4,256,-1.0,
leap_0->leap_2->leap_4->leap_6,12.877075354360173,8.361021619156144,17.00282518972877,0.0,1.2099500466924589,1.8810216191561429,0.3305599514080783,2.9697945439675535,0.25764145177593795,0.0415457843207923,0.37498819535483774,library_seed_grid,boundary_sieve_full,1,3,4,256,-1.0,initiation_violation+termination_drift+reachability_gap+boundary_surprise+chain_executability_estimate
leap_0->leap_2->leap_4->leap_6,12.877075354360173,8.361021619156144,16.887264069992245,0.0,1.2099500466924589,1.8810216191561429,0.3305599514080783,2.9697945439675535,0.25764145177593795,0.0415457843207923,0.37498819535483774,library_seed_grid,proxy_tail,1,4,4,256,-1.0,
leap_0->leap_2->leap_4->leap_6,12.877075354360173,8.361021619156144,16.887264069992245,0.0,1.2099500466924589,1.8810216191561429,0.3305599514080783,2.9697945439675535,0.25764145177593795,0.0415457843207923,0.37498819535483774,library_seed_grid,boundary_sieve_full,1,4,4,256,-1.0,initiation_violation+termination_drift+reachability_gap+boundary_surprise+chain_executability_estimate
leap_0->leap_2->leap_4->leap_6,12.877075354360173,8.361021619156144,17.0046185479262,0.0,1.2099500466924589,1.8810216191561429,0.3305599514080783,2.9697945439675535,0.25764145177593795,0.0415457843207923,0.37498819535483774,library_seed_grid,proxy_tail,1,5,4,256,-1.0,
leap_0->leap_2->leap_4->leap_6,12.877075354360173,8.361021619156144,17.0046185479262,0.0,1.2099500466924589,1.8810216191561429,0.3305599514080783,2.9697945439675535,0.25764145177593795,0.0415457843207923,0.37498819535483774,library_seed_grid,boundary_sieve_full,1,5,4,256,-1.0,initiation_violation+termination_drift+reachability_gap+boundary_surprise+chain_executability_estimate
leap_1->leap_4->leap_6->leap_8,12.750140051211755,9.334209613815872,17.497136102585312,0.5900852898046284,1.3834273212794272,2.854209613815871,1.8365705570844217,5.602097142058122,0.07840368512878206,0.0011775269350757104,-0.14498636666371056,library_seed_grid,proxy_tail,1,6,4,256,-1.0,
leap_0->leap_2->leap_4->leap_6,12.877075354360173,8.361021619156144,17.074587736876175,0.0,1.2099500466924589,1.8810216191561429,0.3305599514080783,2.9697945439675535,0.25764145177593795,0.0415457843207923,0.37498819535483774,library_seed_grid,boundary_sieve_full,1,6,4,256,-1.0,initiation_violation+termination_drift+reachability_gap+boundary_surprise+chain_executability_estimate
leap_0->leap_2->leap_4->leap_6,12.877075354360173,8.361021619156144,17.08845079935261,0.0,1.2099500466924589,1.8810216191561429,0.3305599514080783,2.9697945439675535,0.25764145177593795,0.0415457843207923,0.37498819535483774,library_seed_grid,proxy_tail,1,7,4,256,-1.0,
leap_0->leap_2->leap_4->leap_6,12.877075354360173,8.361021619156144,17.08845079935261,0.0,1.2099500466924589,1.8810216191561429,0.3305599514080783,2.9697945439675535,0.25764145177593795,0.0415457843207923,0.37498819535483774,library_seed_grid,boundary_sieve_full,1,7,4,256,-1.0,initiation_violation+termination_drift+reachability_gap+boundary_surprise+chain_executability_estimate
leap_0->leap_3->leap_5->leap_8,12.87573780355842,8.57650675527071,16.76979436029284,0.6628036092398915,1.4179530453992917,2.096506755270709,1.8250690769436462,4.975142363079868,0.10688302464190774,0.0038690106764044797,-0.1101836329714477,library_seed_grid,proxy_tail,2,0,4,256,-1.0,
leap_0->bridge_2->leap_3->bridge_5,10.273350541334493,6.76259308636911,13.059920518349488,0.0,1.0918883294121111,0.6958298941055931,0.3248955440012572,1.7457311665308197,0.4731315913431397,0.10301116528460953,0.8982698106401402,library_seed_grid,boundary_sieve_full,2,0,4,256,-1.0,initiation_violation+termination_drift+reachability_gap+boundary_surprise+chain_executability_estimate
leap_0->leap_2->leap_5->leap_7,12.988890633752252,8.838497841971073,17.45000598778652,0.09160025151584789,1.4309699349653573,2.3584978419710723,0.6257354796059722,3.883677211104534,0.17000480201291074,0.012107707966587802,-0.002734305396580178,library_seed_grid,proxy_tail,2,1,4,256,-1.0,
leap_0->leap_2->bridge_5->leap_6,11.720557554952473,8.106858213252973,16.04005225068041,0.0,1.2321805796392316,1.841807721448012,0.34435133055068545,2.9592901639449423,0.25995785483615375,0.02349983861729183,0.11543121104606366,library_seed_grid,boundary_sieve_full,2,1,4,256,-1.0,initiation_violation+termination_drift+reachability_gap+boundary_surprise+chain_executability_estimate
leap_0->leap_2->leap_4->leap_6,13.083639504762264,8.968021272615612,17.638975674372254,0.38134231477318525,1.387124036090297,2.4880212726156126,1.5784249553087757,4.880637973580959,0.11188909420231,0.005683537552802435,-0.08563864354735423,library_seed_grid,proxy_tail,2,2,4,256,-1.0,
leap_0->bridge_2->leap_4->leap_6,11.261862841244941,7.796584536564753,14.920941972194777,0.0,1.2259276263238585,1.5148718361061977,0.3403078019342225,2.6410704166172194,0.3049837196056735,0.047151612533759615,0.37101499309872665,library_seed_grid,boundary_sieve_full,2,2,4,256,-1.0,initiation_violation+termination_drift+reachability_gap+boundary_surprise+chain_executability_estimate
leap_0->leap_2->leap_5->leap_8,13.052116079543882,9.226426612720815,17.58161100198864,0.37186463473862597,1.4241538378308602,2.746426612720815,1.2499447531359316,4.932757076626444,0.10491980040105997,0.003822729443116794,-0.11010529156774947,library_seed_grid,proxy_tail,2,3,4,256,-1.0,
leap_0->bridge_2->leap_4->leap_6,11.261862841244941,7.796584536564753,15.038384773770883,0.0,1.2259276263238585,1.5148718361061977,0.3403078019342225,2.6410704166172194,0.3049837196056735,0.047151612533759615,0.37101499309872665,library_seed_grid,boundary_sieve_full,2,3,4,256,-1.0,initiation_violation+termination_drift+reachability_gap+boundary_surprise+chain_executability_estimate
leap_0->leap_2->leap_5->leap_8,13.052116079543882,9.226426612720815,17.88921351318345,0.37186463473862597,1.4241538378308602,2.746426612720815,1.2499447531359316,4.932757076626444,0.10491980040105997,0.003822729443116794,-0.11010529156774947,library_seed_grid,proxy_tail,2,4,4,256,-1.0,
leap_0->bridge_2->leap_3->bridge_5,10.273350541334493,6.76259308636911,13.30725227925584,0.0,1.0918883294121111,0.6958298941055931,0.3248955440012572,1.7457311665308197,0.4731315913431397,0.10301116528460953,0.8982698106401402,library_seed_grid,boundary_sieve_full,2,4,4,256,-1.0,initiation_violation+termination_drift+reachability_gap+boundary_surprise+chain_executability_estimate
leap_0->leap_2->leap_5->leap_8,13.052116079543882,9.226426612720815,17.854931203699753,0.37186463473862597,1.4241538378308602,2.746426612720815,1.2499447531359316,4.932757076626444,0.10491980040105997,0.003822729443116794,-0.11010529156774947,library_seed_grid,proxy_tail,2,5,4,256,-1.0,
leap_0->bridge_2->leap_3->leap_5,11.597180132447752,7.732302659318335,15.369576836595956,0.0,1.234551182510411,1.4505899588597801,0.3248955440012572,2.576883510525937,0.3146423545865116,0.046164085850630164,0.3753732192595405,library_seed_grid,boundary_sieve_full,2,5,4,256,-1.0,initiation_violation+termination_drift+reachability_gap+boundary_surprise+chain_executability_estimate
leap_0->leap_2->leap_5->leap_7,12.988890633752252,8.838497841971073,17.329743231649015,0.09160025151584789,1.4309699349653573,2.3584978419710723,0.6257354796059722,3.883677211104534,0.17000480201291074,0.012107707966587802,-0.002734305396580178,library_seed_grid,proxy_tail,2,6,4,256,-1.0,
leap_0->bridge_2->leap_3->bridge_5,10.273350541334493,6.76259308636911,13.05858258069835,0.0,1.0918883294121111,0.6958298941055931,0.3248955440012572,1.7457311665308197,0.4731315913431397,0.10301116528460953,0.8982698106401402,library_seed_grid,boundary_sieve_full,2,6,4,256,-1.0,initiation_violation+termination_drift+reachability_gap+boundary_surprise+chain_executability_estimate
leap_0->leap_3->leap_5->leap_7,12.81251235776679,8.188577984520967,16.547179924728773,0.4415658660378256,1.4247691425337887,1.7085779845209663,1.3323248710136455,4.070541431518644,0.16262971177350088,0.011045518851396026,-0.018479153218542377,library_seed_grid,proxy_tail,2,7,4,256,-1.0,
leap_0->bridge_2->leap_3->leap_5,11.597180132447752,7.732302659318335,15.040523382178058,0.0,1.234551182510411,1.4505899588597801,0.3248955440012572,2.576883510525937,0.3146423545865116,0.046164085850630164,0.3753732192595405,library_seed_grid,boundary_sieve_full,2,7,4,256,-1.0,initiation_violation+termination_drift+reachability_gap+boundary_surprise+chain_executability_estimate
leap_0->leap_2->leap_4->leap_7,13.226863089201682,9.76458018241442,18.236816162741444,1.118090086686217,1.333432308775157,3.2845801824144205,3.1504039820782097,7.352949695350878,0.03591524303501641,0.0004047975807286142,-0.15464579782086255,library_seed_grid,proxy_tail,3,0,4,256,-1.0,
leap_0->leap_3->leap_5->leap_7,13.260427970079942,8.837008527613426,17.851728779030655,0.0,1.4302440906546656,2.3570085276134254,0.38455014992482206,3.6333109712076213,0.18901059028300196,0.024248508928011423,0.16154560602173587,library_seed_grid,boundary_sieve_full,3,0,4,256,-1.0,initiation_violation+termination_drift+reachability_gap+boundary_surprise+chain_executability_estimate
leap_0->leap_3->leap_6->leap_7,13.277078134680968,9.735353778385843,17.957155145084204,1.0982177597980975,1.3999249678494126,3.2553537783858433,2.8793917792010264,7.182348480024846,0.038108452530825856,0.0006405002045521371,-0.15149602873888213,library_seed_grid,proxy_tail,3,1,4,256,-1.0,
leap_0->leap_3->leap_5->leap_7,13.260427970079942,8.837008527613426,17.772848176322928,0.0,1.4302440906546656,2.3570085276134254,0.38455014992482206,3.6333109712076213,0.18901059028300196,0.024248508928011423,0.16154560602173587,library_seed_grid,boundary_sieve_full,3,1,4,256,-1.0,initiation_violation+termination_drift+reachability_gap+boundary_surprise+chain_executability_estimate
leap_0->leap_2->leap_4->leap_7,13.226863089201682,9.76458018241442,18.376072944105566,1.118090086686217,1.333432308775157,3.2845801824144205,3.1504039820782097,7.352949695350878,0.03591524303501641,0.0004047975807286142,-0.15464579782086255,library_seed_grid,proxy_tail,3,2,4,256,-1.0,
leap_0->leap_3->leap_5->leap_7,13.260427970079942,8.837008527613426,17.979462293349037,0.0,1.4302440906546656,2.3570085276134254,0.38455014992482206,3.6333109712076213,0.18901059028300196,0.024248508928011423,0.16154560602173587,library_seed_grid,boundary_sieve_full,3,2,4,256,-1.0,initiation_violation+termination_drift+reachability_gap+boundary_surprise+chain_executability_estimate
leap_0->leap_3->leap_5->leap_7,13.260427970079942,8.837008527613426,17.937436623984226,0.0,1.4302440906546656,2.3570085276134254,0.38455014992482206,3.6333109712076213,0.18901059028300196,0.024248508928011423,0.16154560602173587,library_seed_grid,proxy_tail,3,3,4,256,-1.0,
leap_0->leap_3->leap_5->leap_7,13.260427970079942,8.837008527613426,17.937436623984226,0.0,1.4302440906546656,2.3570085276134254,0.38455014992482206,3.6333109712076213,0.18901059028300196,0.024248508928011423,0.16154560602173587,library_seed_grid,boundary_sieve_full,3,3,4,256,-1.0,initiation_violation+termination_drift+reachability_gap+boundary_surprise+chain_executability_estimate
leap_0->leap_3->leap_5->leap_7,13.260427970079942,8.837008527613426,17.90409211787063,0.0,1.4302440906546656,2.3570085276134254,0.38455014992482206,3.6333109712076213,0.18901059028300196,0.024248508928011423,0.16154560602173587,library_seed_grid,proxy_tail,3,4,4,256,-1.0,
leap_0->leap_3->leap_5->leap_7,13.260427970079942,8.837008527613426,17.90409211787063,0.0,1.4302440906546656,2.3570085276134254,0.38455014992482206,3.6333109712076213,0.18901059028300196,0.024248508928011423,0.16154560602173587,library_seed_grid,boundary_sieve_full,3,4,4,256,-1.0,initiation_violation+termination_drift+reachability_gap+boundary_surprise+chain_executability_estimate
leap_0->leap_3->leap_6->leap_8,12.90435796369161,9.493648891828512,17.90730428776287,0.429254816154996,1.4218942197382864,3.0136488918285114,1.59785697433946,5.46834367250336,0.08313686949537841,0.0042172698151238565,-0.10557884067617022,library_seed_grid,proxy_tail,3,5,4,256,-1.0,
bridge_0->leap_1->leap_3->leap_5,11.489017556353378,7.123195544920315,14.453369233693772,0.0,1.2919949470899286,0.9476806159768709,0.34625242959712454,2.1589566220881014,0.39157603624991,0.07619172173845296,0.7153680287018773,library_seed_grid,boundary_sieve_full,3,5,4,256,-1.0,initiation_violation+termination_drift+reachability_gap+boundary_surprise+chain_executability_estimate
leap_0->leap_3->leap_5->leap_7,13.260427970079942,8.837008527613426,17.532759896416206,0.0,1.4302440906546656,2.3570085276134254,0.38455014992482206,3.6333109712076213,0.18901059028300196,0.024248508928011423,0.16154560602173587,library_seed_grid,proxy_tail,3,6,4,256,-1.0,
bridge_0->leap_1->leap_3->leap_5,11.489017556353378,7.123195544920315,14.68657943942913,0.0,1.2919949470899286,0.9476806159768709,0.34625242959712454,2.1589566220881014,0.39157603624991,0.07619172173845296,0.7153680287018773,library_seed_grid,boundary_sieve_full,3,6,4,256,-1.0,initiation_violation+termination_drift+reachability_gap+boundary_surprise+chain_executability_estimate
leap_0->leap_3->leap_5->leap_7,13.260427970079942,8.837008527613426,17.63186020797112,0.0,1.4302440906546656,2.3570085276134254,0.38455014992482206,3.6333109712076213,0.18901059028300196,0.024248508928011423,0.16154560602173587,library_seed_grid,proxy_tail,3,7,4,256,-1.0,
leap_0->leap_3->leap_5->leap_7,13.260427970079942,8.837008527613426,17.63186020797112,0.0,1.4302440906546656,2.3570085276134254,0.38455014992482206,3.6333109712076213,0.18901059028300196,0.024248508928011423,0.16154560602173587,library_seed_grid,boundary_sieve_full,3,7,4,256,-1.0,initiation_violation+termination_drift+reachability_gap+boundary_surprise+chain_executability_estimate
leap_0->leap_3->leap_5->leap_7,13.856747344355576,9.326455820040486,18.925074818560812,0.15978488555994885,1.4087198986673544,2.846455820040486,0.7915711963767115,4.505415111177156,0.1256229863294597,0.00734834922106766,-0.05817578144557334,library_seed_grid,proxy_tail,4,0,4,256,-1.0,
leap_0->bridge_3->leap_4->leap_6,11.64199370065735,7.980391214754812,15.913735127149225,0.0,1.1730677684899309,1.7875928001267716,0.31511625404533067,2.8414929400418427,0.2735011422295719,0.028519370024473373,0.17202232617163507,library_seed_grid,boundary_sieve_full,4,0,4,256,-1.0,initiation_violation+termination_drift+reachability_gap+boundary_surprise+chain_executability_estimate
leap_0->leap_3->leap_5->leap_7,13.856747344355576,9.326455820040486,18.795467169235398,0.15978488555994885,1.4087198986673544,2.846455820040486,0.7915711963767115,4.505415111177156,0.1256229863294597,0.00734834922106766,-0.05817578144557334,library_seed_grid,proxy_tail,4,1,4,256,-1.0,
leap_0->leap_2->leap_4->leap_6,13.272515159726353,8.821291250535268,18.142282855357802,0.0,1.378178267322049,2.3412912505352668,0.3865704156824618,3.5780400720597427,0.19356325340715408,0.0167999936025876,0.06297816977364967,library_seed_grid,boundary_sieve_full,4,1,4,256,-1.0,initiation_violation+termination_drift+reachability_gap+boundary_surprise+chain_executability_estimate
leap_0->leap_2->leap_4->leap_6,13.272515159726353,8.821291250535268,17.969372306541924,0.0,1.378178267322049,2.3412912505352668,0.3865704156824618,3.5780400720597427,0.19356325340715408,0.0167999936025876,0.06297816977364967,library_seed_grid,proxy_tail,4,2,4,256,-1.0,
leap_0->leap_2->leap_4->leap_6,13.272515159726353,8.821291250535268,17.969372306541924,0.0,1.378178267322049,2.3412912505352668,0.3865704156824618,3.5780400720597427,0.19356325340715408,0.0167999936025876,0.06297816977364967,library_seed_grid,boundary_sieve_full,4,2,4,256,-1.0,initiation_violation+termination_drift+reachability_gap+boundary_surprise+chain_executability_estimate
leap_0->leap_3->leap_5->leap_7,13.856747344355576,9.326455820040486,18.750324210383507,0.15978488555994885,1.4087198986673544,2.846455820040486,0.7915711963767115,4.505415111177156,0.1256229863294597,0.00734834922106766,-0.05817578144557334,library_seed_grid,proxy_tail,4,3,4,256,-1.0,
leap_0->leap_2->leap_4->leap_6,13.272515159726353,8.821291250535268,17.868463363191623,0.0,1.378178267322049,2.3412912505352668,0.3865704156824618,3.5780400720597427,0.19356325340715408,0.0167999936025876,0.06297816977364967,library_seed_grid,boundary_sieve_full,4,3,4,256,-1.0,initiation_violation+termination_drift+reachability_gap+boundary_surprise+chain_executability_estimate
leap_0->leap_2->leap_5->leap_7,13.8736480400264,9.015477614794687,18.368552196827235,0.30852696404124913,1.4381055484594394,2.5354776147946865,1.1479322071323053,4.6138710714997515,0.12268978411959441,0.007307951745933154,-0.058612049583427,library_seed_grid,proxy_tail,4,4,4,256,-1.0,
leap_0->leap_2->leap_4->leap_6,13.272515159726353,8.821291250535268,17.705979532559283,0.0,1.378178267322049,2.3412912505352668,0.3865704156824618,3.5780400720597427,0.19356325340715408,0.0167999936025876,0.06297816977364967,library_seed_grid,boundary_sieve_full,4,4,4,256,-1.0,initiation_violation+termination_drift+reachability_gap+boundary_surprise+chain_executability_estimate
leap_0->leap_2->leap_5->leap_7,13.8736480400264,9.015477614794687,18.457759355014176,0.30852696404124913,1.4381055484594394,2.5354776147946865,1.1479322071323053,4.6138710714997515,0.12268978411959441,0.007307951745933154,-0.058612049583427,library_seed_grid,proxy_tail,4,5,4,256,-1.0,
leap_0->leap_2->leap_4->leap_6,13.272515159726353,8.821291250535268,17.6538003921624,0.0,1.378178267322049,2.3412912505352668,0.3865704156824618,3.5780400720597427,0.19356325340715408,0.0167999936025876,0.06297816977364967,library_seed_grid,boundary_sieve_full,4,5,4,256,-1.0,initiation_violation+termination_drift+reachability_gap+boundary_surprise+chain_executability_estimate
leap_0->leap_3->leap_5->leap_7,13.856747344355576,9.326455820040486,18.691102834303166,0.15978488555994885,1.4087198986673544,2.846455820040486,0.7915711963767115,4.505415111177156,0.1256229863294597,0.00734834922106766,-0.05817578144557334,library_seed_grid,proxy_tail,4,6,4,256,-1.0,
leap_0->leap_2->local_4->leap_5,11.648549057756009,7.096141815715862,15.114432976837445,0.0,1.187454470786811,1.5914230044156028,0.31937258175632716,2.669407608965884,0.2988710740280286,0.05098900274030125,0.43394789982645465,library_seed_grid,boundary_sieve_full,4,6,4,256,-1.0,initiation_violation+termination_drift+reachability_gap+boundary_surprise+chain_executability_estimate
leap_0->leap_3->leap_5->leap_7,13.856747344355576,9.326455820040486,19.068540439936807,0.15978488555994885,1.4087198986673544,2.846455820040486,0.7915711963767115,4.505415111177156,0.1256229863294597,0.00734834922106766,-0.05817578144557334,library_seed_grid,proxy_tail,4,7,4,256,-1.0,
leap_0->bridge_3->leap_4->leap_6,11.64199370065735,7.980391214754812,15.415358210558342,0.0,1.1730677684899309,1.7875928001267716,0.31511625404533067,2.8414929400418427,0.2735011422295719,0.028519370024473373,0.17202232617163507,library_seed_grid,boundary_sieve_full,4,7,4,256,-1.0,initiation_violation+termination_drift+reachability_gap+boundary_surprise+chain_executability_estimate
leap_0->leap_2->leap_4->leap_5,13.197308614876501,8.947185383375121,17.227500112345346,1.110511363927008,1.4096951410414942,2.4671853833751216,3.3562845853476415,6.763678571442536,0.05003035329431681,0.0011033020428451565,-0.14543938244514878,library_seed_grid,proxy_tail,5,0,4,256,-1.0,
bridge_0->leap_1->leap_3->leap_5,11.238862194989771,7.755325544422995,15.018126014575207,0.0,1.1143292642739442,1.4372062111401207,0.2860214899832254,2.4427232804913666,0.3316587686431026,0.048400852537437825,0.3839705117882847,library_seed_grid,boundary_sieve_full,5,0,4,256,-1.0,initiation_violation+termination_drift+reachability_gap+boundary_surprise+chain_executability_estimate
leap_0->leap_2->leap_5->leap_7,13.477139308795804,8.479568059174369,17.465736557609084,0.5646178190014666,1.3476699498701452,1.9995680591743694,1.8963078260905506,4.774943522072092,0.11998702520216101,0.005691548590133066,-0.08329420676799631,library_seed_grid,proxy_tail,5,1,4,256,-1.0,
bridge_0->leap_1->leap_3->leap_5,11.238862194989771,7.755325544422995,14.826421289694819,0.0,1.1143292642739442,1.4372062111401207,0.2860214899832254,2.4427232804913666,0.3316587686431026,0.048400852537437825,0.3839705117882847,library_seed_grid,boundary_sieve_full,5,1,4,256,-1.0,initiation_violation+termination_drift+reachability_gap+boundary_surprise+chain_executability_estimate
leap_0->leap_3->leap_5->leap_7,13.134585927450674,8.437332022016205,17.36750921547383,0.16507334355440073,1.2876064701150167,1.957332022016205,0.8073056056053196,3.5793725842052666,0.19881907570163973,0.020211284085596106,0.10546684752637839,library_seed_grid,proxy_tail,5,2,4,256,-1.0,
bridge_0->leap_1->bridge_3->leap_4,10.319851394357823,7.124942013633025,13.392180284167786,0.0,0.9674306132547724,0.9730379916816521,0.23396128553313278,1.8504054182979237,0.43892431263148673,0.06500594993376474,0.5108517430655168,library_seed_grid,boundary_sieve_full,5,2,4,256,-1.0,initiation_violation+termination_drift+reachability_gap+boundary_surprise+chain_executability_estimate
leap_0->leap_2->leap_5->leap_7,13.477139308795804,8.479568059174369,17.400420981121286,0.5646178190014666,1.3476699498701452,1.9995680591743694,1.8963078260905506,4.774943522072092,0.11998702520216101,0.005691548590133066,-0.08329420676799631,library_seed_grid,proxy_tail,5,3,4,256,-1.0,
bridge_0->leap_1->leap_3->bridge_5,10.215972982596876,6.936294126155979,13.316600663540365,0.0,0.8990092649332341,0.7336724281418152,0.2860214899832254,1.6021101871704082,0.49805237924412865,0.11847824067603063,1.0503705057719392,library_seed_grid,boundary_sieve_full,5,3,4,256,-1.0,initiation_violation+termination_drift+reachability_gap+boundary_surprise+chain_executability_estimate
leap_0->leap_3->leap_5->leap_7,13.134585927450674,8.437332022016205,17.292139039995423,0.16507334355440073,1.2876064701150167,1.957332022016205,0.8073056056053196,3.5793725842052666,0.19881907570163973,0.020211284085596106,0.10546684752637839,library_seed_grid,proxy_tail,5,4,4,256,-1.0,
bridge_0->leap_1->bridge_3->leap_4,10.319851394357823,7.124942013633025,13.30802209473712,0.0,0.9674306132547724,0.9730379916816521,0.23396128553313278,1.8504054182979237,0.43892431263148673,0.06500594993376474,0.5108517430655168,library_seed_grid,boundary_sieve_full,5,4,4,256,-1.0,initiation_violation+termination_drift+reachability_gap+boundary_surprise+chain_executability_estimate
leap_0->leap_2->leap_5->leap_7,13.477139308795804,8.479568059174369,17.351095566615097,0.5646178190014666,1.3476699498701452,1.9995680591743694,1.8963078260905506,4.774943522072092,0.11998702520216101,0.005691548590133066,-0.08329420676799631,library_seed_grid,proxy_tail,5,5,4,256,-1.0,
bridge_0->leap_1->leap_3->bridge_5,10.215972982596876,6.936294126155979,13.431382567871914,0.0,0.8990092649332341,0.7336724281418152,0.2860214899832254,1.6021101871704082,0.49805237924412865,0.11847824067603063,1.0503705057719392,library_seed_grid,boundary_sieve_full,5,5,4,256,-1.0,initiation_violation+termination_drift+reachability_gap+boundary_surprise+chain_executability_estimate
leap_0->leap_2->leap_4->leap_6,13.487693560168296,8.897302024380224,18.06489424631756,0.20311755183366903,1.3787596151265487,2.4173020243802226,0.9233668686824132,4.202750631739688,0.14776763032759568,0.008832640561022807,-0.040868050785811405,library_seed_grid,proxy_tail,5,6,4,256,-1.0,
bridge_0->bridge_1->leap_2->bridge_4,9.263056584275333,6.10729633548928,11.608860877467924,0.0,0.9177689340982506,0.3252403908900683,0.2789065232567759,1.2244827587410698,0.6031539842897986,0.14344394089517484,1.1687293411834512,library_seed_grid,boundary_sieve_full,5,6,4,256,-1.0,initiation_violation+termination_drift+reachability_gap+boundary_surprise+chain_executability_estimate
leap_0->leap_2->leap_4->leap_6,13.487693560168296,8.897302024380224,17.758051463472075,0.20311755183366903,1.3787596151265487,2.4173020243802226,0.9233668686824132,4.202750631739688,0.14776763032759568,0.008832640561022807,-0.040868050785811405,library_seed_grid,proxy_tail,5,7,4,256,-1.0,
bridge_0->leap_1->leap_3->bridge_5,10.215972982596876,6.936294126155979,13.04069085674378,0.0,0.8990092649332341,0.7336724281418152,0.2860214899832254,1.6021101871704082,0.49805237924412865,0.11847824067603063,1.0503705057719392,library_seed_grid,boundary_sieve_full,5,7,4,256,-1.0,initiation_violation+termination_drift+reachability_gap+boundary_surprise+chain_executability_estimate
